{
    "Security.framework": 1,
    "SystemConfiguration.framework": 2,
    "ImageIO.framework": 1,
    "CoreLocation.framework": 4,
    "AVFoundation.framework": 3,
    "CoreTelephony.framework": 1,
    "CoreBluetooth.framework": 1,
    "Photos.framework": 1,
    "PhotosUI.framework": 1,
    "UserNotifications.framework": 2,
    "Contacts.framework": 1,
    "AddressBook.framework": 1,
    "EventKit.framework": 2,
    "CoreMotion.framework": 1,
    "WebKit.framework": 1,
    "libz.dylib": 1,
    "PushKit.framework": 1
}