{
  "prepare_queue": {
    "installed": [],
    "uninstalled": []
  },
  "config_munge": {
    "files": {
      "*-Info.plist": {
        "parents": {
          "NSLocationWhenInUseUsageDescription": [
            {
              "xml": "<string>This app requires access to your location when the screen is on and the app is displayed.</string>",
              "count": 1
            },
            {
              "xml": "<string>We need your location so you can attach it as part of your submissions.</string>",
              "count": 1,
              "mode": "merge",
              "id": "config.xml"
            }
          ],
          "NSLocationAlwaysUsageDescription": [
            {
              "xml": "<string>This app requires constant access to your location in order to track your position, even when the screen is off or the app is in the background.</string>",
              "count": 1
            },
            {
              "xml": "<string>We need your location so you can attach it as part of your submissions.</string>",
              "count": 1,
              "mode": "merge",
              "id": "config.xml"
            }
          ],
          "NSCameraUsageDescription": [
            {
              "xml": "<string>This app requires camera access to function properly.</string>",
              "count": 1
            },
            {
              "xml": "<string>The camera is used to scan QR codes.</string>",
              "count": 1
            },
            {
              "xml": "<string>We need camera access to take pictures so you can attach them as part of your submissions.</string>",
              "count": 1,
              "mode": "merge",
              "id": "config.xml"
            }
          ],
          "NSMicrophoneUsageDescription": [
            {
              "xml": "<string>This app requires microphone access to function properly.</string>",
              "count": 1
            },
            {
              "xml": "<string>We need microphone access to record sounds so you can attach them as part of your submissions.</string>",
              "count": 1,
              "mode": "merge",
              "id": "config.xml"
            }
          ],
          "NSPhotoLibraryUsageDescription": [
            {
              "xml": "<string>This app requires photo library access to function properly.</string>",
              "count": 1
            },
            {
              "xml": "<string>We need photo library access to get pictures from there so you can attach them as part of your submissions.</string>",
              "count": 1,
              "mode": "merge",
              "id": "config.xml"
            }
          ],
          "UISupportsDocumentBrowser": [
            {
              "xml": "<true />",
              "count": 1,
              "mode": "merge",
              "id": "config.xml"
            }
          ],
          "CFBundleShortVersionString": [
            {
              "xml": "<string>4.1.0</string>",
              "count": 1,
              "mode": "merge",
              "id": "config.xml"
            }
          ],
          "CFBundleLocalizations": [
            {
              "xml": "<array><string>en</string></array>",
              "count": 1,
              "mode": "overwrite",
              "id": "config.xml"
            }
          ],
          "FIREBASE_ANALYTICS_COLLECTION_DEACTIVATED": [
            {
              "xml": "<string>YES</string>",
              "count": 2
            }
          ],
          "UISupportedInterfaceOrientations": [
            {
              "xml": "<array><string>UIInterfaceOrientationPortrait</string><string>UIInterfaceOrientationPortraitUpsideDown</string><string>UIInterfaceOrientationLandscapeLeft</string><string>UIInterfaceOrientationLandscapeRight</string></array>",
              "count": 2
            }
          ],
          "UISupportedInterfaceOrientations~ipad": [
            {
              "xml": "<array><string>UIInterfaceOrientationPortrait</string><string>UIInterfaceOrientationPortraitUpsideDown</string><string>UIInterfaceOrientationLandscapeLeft</string><string>UIInterfaceOrientationLandscapeRight</string></array>",
              "count": 2
            }
          ],
          "UIRequiresFullScreen": [
            {
              "xml": "<false />",
              "count": 2
            }
          ],
          "NSCrossWebsiteTrackingUsageDescription": [
            {
              "xml": "<string>This app needs third party cookies to correctly render embedded content from the Moodle site.</string>",
              "count": 2
            }
          ],
          "ITSAppUsesNonExemptEncryption": [
            {
              "xml": "<false />",
              "count": 2
            }
          ],
          "CFBundleDocumentTypes": [
            {
              "xml": "<array><dict><key>CFBundleTypeName</key><string>Unknown File</string><key>LSHandlerRank</key><string>Alternate</string><key>LSItemContentTypes</key><array><string>public.calendar-event</string><string>public.database</string><string>public.executable</string><string>public.data</string><string>public.content </string><string>public.item</string></array></dict><dict><key>CFBundleTypeName</key><string>Video</string><key>LSHandlerRank</key><string>Alternate</string><key>LSItemContentTypes</key><array><string>public.video</string></array></dict><dict><key>CFBundleTypeName</key><string>Image</string><key>LSHandlerRank</key><string>Alternate</string><key>LSItemContentTypes</key><array><string>public.image</string></array></dict><dict><key>CFBundleTypeName</key><string>Web Archive</string><key>LSHandlerRank</key><string>Alternate</string><key>LSItemContentTypes</key><array><string>com.apple.webarchive</string></array></dict><dict><key>CFBundleTypeName</key><string>iWork Keynote</string><key>LSHandlerRank</key><string>Alternate</string><key>LSItemContentTypes</key><array><string>com.apple.keynote.key</string><string>com.apple.iwork.keynote.key</string><string>com.apple.iwork.keynote.kth</string></array></dict><dict><key>CFBundleTypeName</key><string>iWork Numbers</string><key>LSHandlerRank</key><string>Alternate</string><key>LSItemContentTypes</key><array><string>com.apple.numbers.numbers</string><string>com.apple.iwork.numbers.numbers</string><string>com.apple.iwork.numbers.template</string></array></dict><dict><key>CFBundleTypeName</key><string>iWork Pages</string><key>LSHandlerRank</key><string>Alternate</string><key>LSItemContentTypes</key><array><string>com.apple.page.pages</string><string>com.apple.iwork.pages.pages</string><string>com.apple.iwork.pages.template</string></array></dict><dict><key>CFBundleTypeName</key><string>OpenDocument Spreadsheet</string><key>LSHandlerRank</key><string>Alternate</string><key>LSItemContentTypes</key><array><string>org.oasis.opendocument.spreadsheet</string></array></dict><dict><key>CFBundleTypeName</key><string>OpenDocument Presentation</string><key>LSHandlerRank</key><string>Alternate</string><key>LSItemContentTypes</key><array><string>org.oasis.opendocument.presentation</string></array></dict><dict><key>CFBundleTypeName</key><string>OpenDocument Text</string><key>LSHandlerRank</key><string>Alternate</string><key>LSItemContentTypes</key><array><string>org.oasis.opendocument.text</string></array></dict><dict><key>CFBundleTypeName</key><string>Folder</string><key>LSHandlerRank</key><string>Alternate</string><key>LSItemContentTypes</key><array><string>public.folder</string></array></dict><dict><key>CFBundleTypeName</key><string>Audio</string><key>LSHandlerRank</key><string>Alternate</string><key>LSItemContentTypes</key><array><string>public.audio</string><string>public.mp3</string><string>public.mpeg-4-audio</string><string>com.apple.protected-​mpeg-4-audio</string><string>public.aifc-audio</string><string>com.apple.coreaudio-​format</string><string>public.aiff-audio</string></array></dict><dict><key>CFBundleTypeName</key><string>Movie</string><key>LSHandlerRank</key><string>Alternate</string><key>LSItemContentTypes</key><array><string>public.movie</string><string>public.3gpp2</string><string>public.3gpp</string><string>public.mpeg</string><string>com.apple.quicktime-movie</string><string>public.mpeg-4</string></array></dict><dict><key>CFBundleTypeName</key><string>GIF image</string><key>LSHandlerRank</key><string>Alternate</string><key>LSItemContentTypes</key><array><string>com.compuserve.gif</string></array></dict><dict><key>CFBundleTypeName</key><string>PNG image</string><key>LSHandlerRank</key><string>Alternate</string><key>LSItemContentTypes</key><array><string>public.png</string></array></dict><dict><key>CFBundleTypeName</key><string>TIFF image</string><key>LSHandlerRank</key><string>Alternate</string><key>LSItemContentTypes</key><array><string>public.tiff</string></array></dict><dict><key>CFBundleTypeName</key><string>JPEG image</string><key>LSHandlerRank</key><string>Alternate</string><key>LSItemContentTypes</key><array><string>public.jpeg</string></array></dict><dict><key>CFBundleTypeName</key><string>XML</string><key>LSHandlerRank</key><string>Alternate</string><key>LSItemContentTypes</key><array><string>public.xml</string></array></dict><dict><key>CFBundleTypeName</key><string>HTML</string><key>LSHandlerRank</key><string>Alternate</string><key>LSItemContentTypes</key><array><string>public.html</string><string>public.xhtml</string></array></dict><dict><key>CFBundleTypeName</key><string>Rich Text</string><key>LSHandlerRank</key><string>Alternate</string><key>LSItemContentTypes</key><array><string>public.rtf</string><string>com.apple.rtfd</string><string>com.apple.flat-rtfd</string></array></dict><dict><key>CFBundleTypeName</key><string>Text</string><key>LSHandlerRank</key><string>Alternate</string><key>LSItemContentTypes</key><array><string>public.text</string><string>public.plain-text</string><string>public.utf8-plain-text</string><string>public.utf16-external-plain-​text</string><string>public.utf16-plain-text</string><string>com.apple.traditional-mac-​plain-text</string><string>public.source-code</string><string>public.c-source</string><string>public.objective-c-source</string><string>public.c-plus-plus-source</string><string>public.objective-c-plus-​plus-source</string><string>public.c-header</string><string>public.c-plus-plus-header</string><string>com.sun.java-source</string><string>public.script</string><string>public.shell-script</string></array></dict><dict><key>CFBundleTypeExtensions</key><array><string>zip</string><string>zipx</string></array><key>CFBundleTypeName</key><string>Zip archive</string><key>LSHandlerRank</key><string>Alternate</string><key>LSItemContentTypes</key><array><string>public.zip-archive</string><string>public.archive</string><string>com.pkware.zip-archive</string><string>com.pkware.zipx-archive</string></array></dict><dict><key>CFBundleTypeExtensions</key><array><string>rar</string><string>RAR</string></array><key>CFBundleTypeName</key><string>Rar archive</string><key>LSHandlerRank</key><string>Alternate</string><key>LSItemContentTypes</key><array><string>com.rarlab.rar-archive</string><string>public.archive</string></array></dict><dict><key>CFBundleTypeExtensions</key><array><string>7z</string><string>7Z</string></array><key>CFBundleTypeName</key><string>7z archive</string><key>LSHandlerRank</key><string>Alternate</string><key>LSItemContentTypes</key><array><string>org.7-zip.7-zip-archive</string><string>public.archive</string></array></dict><dict><key>CFBundleTypeName</key><string>Waveform audio</string><key>LSHandlerRank</key><string>Alternate</string><key>LSItemContentTypes</key><array><string>com.microsoft.waveform-​audio</string></array></dict><dict><key>CFBundleTypeName</key><string>Windows icon image</string><key>LSHandlerRank</key><string>Alternate</string><key>LSItemContentTypes</key><array><string>com.microsoft.ico</string><string>com.apple.icns</string></array></dict><dict><key>CFBundleTypeName</key><string>Windows bitmap image</string><key>LSHandlerRank</key><string>Alternate</string><key>LSItemContentTypes</key><array><string>com.microsoft.bmp</string></array></dict><dict><key>CFBundleTypeName</key><string>Microsoft PowerPoint</string><key>LSHandlerRank</key><string>Alternate</string><key>LSItemContentTypes</key><array><string>com.microsoft.powerpoint.​ppt</string><string>org.openxmlformats.presentationml.presentation</string></array></dict><dict><key>CFBundleTypeName</key><string>Microsoft Excel</string><key>LSHandlerRank</key><string>Alternate</string><key>LSItemContentTypes</key><array><string>org.openxmlformats.spreadsheetml.sheet</string><string>com.microsoft.excel.xls</string></array></dict><dict><key>CFBundleTypeName</key><string>Microsoft Word</string><key>LSHandlerRank</key><string>Alternate</string><key>LSItemContentTypes</key><array><string>com.microsoft.word.doc</string><string>com.microsoft.word.wordml</string><string>org.openxmlformats.wordprocessingml.document</string></array></dict><dict><key>CFBundleTypeName</key><string>PDF</string><key>LSHandlerRank</key><string>Alternate</string><key>LSItemContentTypes</key><array><string>com.adobe.pdf</string></array></dict></array>",
              "count": 2
            }
          ],
          "CFBundleURLTypes": [
            {
              "xml": "<array><dict><key>CFBundleURLSchemes</key><array><string>moodlemobile</string></array></dict></array>",
              "count": 1
            }
          ],
          "NSLocationAlwaysAndWhenInUseUsageDescription": [
            {
              "xml": "<string>This app requires constant access to your location in order to track your position, even when the screen is off or the app is in the background.</string>",
              "count": 1
            }
          ],
          "NSBluetoothPeripheralUsageDescription": [
            {
              "xml": "<string>This app requires Bluetooth access to function properly.</string>",
              "count": 1
            }
          ],
          "NSBluetoothAlwaysUsageDescription": [
            {
              "xml": "<string>This app requires constant Bluetooth access to function properly.</string>",
              "count": 1
            }
          ],
          "NSContactsUsageDescription": [
            {
              "xml": "<string>This app requires contacts access to function properly.</string>",
              "count": 1
            }
          ],
          "NSCalendarsUsageDescription": [
            {
              "xml": "<string>This app requires calendar access to function properly.</string>",
              "count": 1
            }
          ],
          "NSRemindersUsageDescription": [
            {
              "xml": "<string>This app requires reminders access to function properly.</string>",
              "count": 1
            }
          ],
          "NSMotionUsageDescription": [
            {
              "xml": "<string>This app requires motion detection access to function properly.</string>",
              "count": 1
            }
          ],
          "UIBackgroundModes": [
            {
              "xml": "<array><string>audio</string></array>",
              "count": 1
            },
            {
              "xml": "<array><string>remote-notification</string></array>",
              "count": 1
            }
          ]
        }
      },
      "config.xml": {
        "parents": {
          "/*": [
            {
              "xml": "<feature name=\"Clipboard\"><param name=\"ios-package\" value=\"CDVClipboard\" /></feature>",
              "count": 1
            },
            {
              "xml": "<feature name=\"File\"><param name=\"ios-package\" value=\"CDVFile\" /><param name=\"onload\" value=\"true\" /></feature>",
              "count": 1
            },
            {
              "xml": "<feature name=\"CordovaHttpPlugin\"><param name=\"ios-package\" value=\"CordovaHttpPlugin\" /></feature>",
              "count": 1
            },
            {
              "xml": "<feature name=\"Badge\"><param name=\"ios-package\" value=\"APPBadge\" /></feature>",
              "count": 1
            },
            {
              "xml": "<feature name=\"Camera\"><param name=\"ios-package\" value=\"CDVCamera\" /></feature>",
              "count": 1
            },
            {
              "xml": "<preference name=\"CameraUsesGeolocation\" value=\"false\" />",
              "count": 1
            },
            {
              "xml": "<feature name=\"Chooser\"><param name=\"ios-package\" value=\"Chooser\" /></feature>",
              "count": 1
            },
            {
              "xml": "<feature name=\"Device\"><param name=\"ios-package\" value=\"CDVDevice\" /></feature>",
              "count": 1
            },
            {
              "xml": "<feature name=\"Geolocation\"><param name=\"ios-package\" value=\"CDVLocation\" /></feature>",
              "count": 1
            },
            {
              "xml": "<feature name=\"CDVIonicKeyboard\"><param name=\"ios-package\" onload=\"true\" value=\"CDVIonicKeyboard\" /></feature>",
              "count": 1
            },
            {
              "xml": "<feature name=\"Media\"><param name=\"ios-package\" value=\"CDVSound\" /></feature>",
              "count": 1
            },
            {
              "xml": "<preference name=\"KeepAVAudioSessionAlwaysActive\" value=\"NO\" />",
              "count": 1
            },
            {
              "xml": "<feature name=\"Capture\"><param name=\"ios-package\" value=\"CDVCapture\" /></feature>",
              "count": 1
            },
            {
              "xml": "<feature name=\"NetworkStatus\"><param name=\"ios-package\" value=\"CDVConnection\" /></feature>",
              "count": 1
            },
            {
              "xml": "<feature name=\"CDVOrientation\"><param name=\"ios-package\" value=\"CDVOrientation\" /></feature>",
              "count": 1
            },
            {
              "xml": "<feature name=\"StatusBar\"><param name=\"ios-package\" value=\"CDVStatusBar\" /><param name=\"onload\" value=\"true\" /></feature>",
              "count": 1
            },
            {
              "xml": "<preference name=\"StatusBarOverlaysWebView\" value=\"true\" />",
              "count": 1
            },
            {
              "xml": "<preference name=\"StatusBarStyle\" value=\"lightcontent\" />",
              "count": 1
            },
            {
              "xml": "<feature name=\"WKUserScript\"><param name=\"ios-package\" value=\"CDVWKUserScript\" /></feature>",
              "count": 1
            },
            {
              "xml": "<feature name=\"WKWebViewCookies\"><param name=\"ios-package\" value=\"CDVWKWebViewCookies\" /></feature>",
              "count": 1
            },
            {
              "xml": "<feature name=\"SQLitePlugin\"><param name=\"ios-package\" value=\"SQLitePlugin\" /></feature>",
              "count": 1
            },
            {
              "xml": "<feature name=\"Diagnostic\"><param name=\"ios-package\" value=\"Diagnostic\" /><param name=\"onload\" value=\"true\" /></feature>",
              "count": 1
            },
            {
              "xml": "<feature name=\"Diagnostic_Location\"><param name=\"ios-package\" value=\"Diagnostic_Location\" /><param name=\"onload\" value=\"true\" /></feature>",
              "count": 1
            },
            {
              "xml": "<feature name=\"Diagnostic_Bluetooth\"><param name=\"ios-package\" value=\"Diagnostic_Bluetooth\" /><param name=\"onload\" value=\"true\" /></feature>",
              "count": 1
            },
            {
              "xml": "<feature name=\"Diagnostic_Wifi\"><param name=\"ios-package\" value=\"Diagnostic_Wifi\" /><param name=\"onload\" value=\"true\" /></feature>",
              "count": 1
            },
            {
              "xml": "<feature name=\"Diagnostic_Camera\"><param name=\"ios-package\" value=\"Diagnostic_Camera\" /><param name=\"onload\" value=\"true\" /></feature>",
              "count": 1
            },
            {
              "xml": "<feature name=\"Diagnostic_Notifications\"><param name=\"ios-package\" value=\"Diagnostic_Notifications\" /><param name=\"onload\" value=\"true\" /></feature>",
              "count": 1
            },
            {
              "xml": "<feature name=\"Diagnostic_Microphone\"><param name=\"ios-package\" value=\"Diagnostic_Microphone\" /><param name=\"onload\" value=\"true\" /></feature>",
              "count": 1
            },
            {
              "xml": "<feature name=\"Diagnostic_Contacts\"><param name=\"ios-package\" value=\"Diagnostic_Contacts\" /><param name=\"onload\" value=\"true\" /></feature>",
              "count": 1
            },
            {
              "xml": "<feature name=\"Diagnostic_Calendar\"><param name=\"ios-package\" value=\"Diagnostic_Calendar\" /><param name=\"onload\" value=\"true\" /></feature>",
              "count": 1
            },
            {
              "xml": "<feature name=\"Diagnostic_Reminders\"><param name=\"ios-package\" value=\"Diagnostic_Reminders\" /><param name=\"onload\" value=\"true\" /></feature>",
              "count": 1
            },
            {
              "xml": "<feature name=\"Diagnostic_Motion\"><param name=\"ios-package\" value=\"Diagnostic_Motion\" /><param name=\"onload\" value=\"true\" /></feature>",
              "count": 1
            },
            {
              "xml": "<feature name=\"BackgroundAudio\"><param name=\"ios-package\" onload=\"true\" value=\"BackgroundAudio\" /><param name=\"onload\" value=\"true\" /></feature>",
              "count": 1
            },
            {
              "xml": "<feature name=\"FileOpener2\"><param name=\"ios-package\" value=\"FileOpener2\" /></feature>",
              "count": 1
            },
            {
              "xml": "<feature name=\"FileTransfer\"><param name=\"ios-package\" value=\"CDVFileTransfer\" /></feature>",
              "count": 1
            },
            {
              "xml": "<feature name=\"InAppBrowser\"><param name=\"ios-package\" value=\"CDVWKInAppBrowser\" /><param name=\"onload\" value=\"true\" /></feature>",
              "count": 1
            },
            {
              "xml": "<allow-navigation href=\"ionic://*\" />",
              "count": 1
            },
            {
              "xml": "<preference name=\"deployment-target\" value=\"11.0\" />",
              "count": 1
            },
            {
              "xml": "<feature name=\"IonicWebView\"><param name=\"ios-package\" value=\"CDVWKWebViewEngine\" /></feature>",
              "count": 1
            },
            {
              "xml": "<preference name=\"CordovaWebViewEngine\" value=\"CDVWKWebViewEngine\" />",
              "count": 1
            },
            {
              "xml": "<feature name=\"LocalNotification\"><param name=\"ios-package\" onload=\"true\" value=\"APPLocalNotification\" /><param name=\"onload\" value=\"true\" /></feature>",
              "count": 1
            },
            {
              "xml": "<feature name=\"QRScanner\"><param name=\"ios-package\" value=\"QRScanner\" /></feature>",
              "count": 1
            },
            {
              "xml": "<feature name=\"PushNotification\"><param name=\"ios-package\" value=\"PushPlugin\" /></feature>",
              "count": 1
            }
          ],
          "/widget": [
            {
              "xml": "<feature name=\"Zip\"><param name=\"ios-package\" value=\"ZipPlugin\" /></feature>",
              "count": 1
            }
          ]
        }
      },
      "*-Debug.plist": {
        "parents": {
          "aps-environment": [
            {
              "xml": "<string>development</string>",
              "count": 1
            }
          ]
        }
      },
      "*-Release.plist": {
        "parents": {
          "aps-environment": [
            {
              "xml": "<string>production</string>",
              "count": 1
            }
          ]
        }
      }
    }
  },
  "installed_plugins": {
    "cordova-clipboard": {
      "PACKAGE_NAME": "com.kemahbudaya.lms"
    },
    "cordova-plugin-add-swift-support": {
      "PACKAGE_NAME": "com.kemahbudaya.lms"
    },
    "cordova-plugin-file": {
      "PACKAGE_NAME": "com.kemahbudaya.lms"
    },
    "cordova-plugin-advanced-http": {
      "ANDROIDBLACKLISTSECURESOCKETPROTOCOLS": "SSLv3,TLSv1",
      "PACKAGE_NAME": "com.kemahbudaya.lms"
    },
    "cordova-plugin-androidx-adapter": {
      "PACKAGE_NAME": "com.kemahbudaya.lms"
    },
    "cordova-plugin-badge": {
      "PACKAGE_NAME": "com.kemahbudaya.lms"
    },
    "cordova-plugin-camera": {
      "PACKAGE_NAME": "com.kemahbudaya.lms"
    },
    "cordova-plugin-chooser": {
      "PACKAGE_NAME": "com.kemahbudaya.lms"
    },
    "cordova-plugin-customurlscheme": {
      "URL_SCHEME": "moodlemobile",
      "PACKAGE_NAME": "com.kemahbudaya.lms"
    },
    "cordova-plugin-device": {
      "PACKAGE_NAME": "com.kemahbudaya.lms"
    },
    "cordova-plugin-geolocation": {
      "GPS_REQUIRED": "false",
      "PACKAGE_NAME": "com.kemahbudaya.lms"
    },
    "cordova-plugin-ionic-keyboard": {
      "PACKAGE_NAME": "com.kemahbudaya.lms"
    },
    "cordova-plugin-media": {
      "KEEP_AVAUDIOSESSION_ALWAYS_ACTIVE": "NO",
      "PACKAGE_NAME": "com.kemahbudaya.lms"
    },
    "cordova-plugin-media-capture": {
      "PACKAGE_NAME": "com.kemahbudaya.lms"
    },
    "cordova-plugin-network-information": {
      "PACKAGE_NAME": "com.kemahbudaya.lms"
    },
    "cordova-plugin-prevent-override": {
      "PACKAGE_NAME": "com.kemahbudaya.lms"
    },
    "cordova-plugin-screen-orientation": {
      "PACKAGE_NAME": "com.kemahbudaya.lms"
    },
    "cordova-plugin-splashscreen": {
      "PACKAGE_NAME": "com.kemahbudaya.lms"
    },
    "cordova-plugin-statusbar": {
      "PACKAGE_NAME": "com.kemahbudaya.lms"
    },
    "cordova-plugin-wkuserscript": {
      "PACKAGE_NAME": "com.kemahbudaya.lms"
    },
    "cordova-plugin-wkwebview-cookies": {
      "PACKAGE_NAME": "com.kemahbudaya.lms"
    },
    "cordova-sqlite-storage": {
      "PACKAGE_NAME": "com.kemahbudaya.lms"
    },
    "cordova.plugins.diagnostic": {
      "PACKAGE_NAME": "com.kemahbudaya.lms"
    },
    "es6-promise-plugin": {
      "PACKAGE_NAME": "com.kemahbudaya.lms"
    },
    "nl.kingsquare.cordova.background-audio": {
      "PACKAGE_NAME": "com.kemahbudaya.lms"
    },
    "@moodlehq/cordova-plugin-file-opener": {
      "PACKAGE_NAME": "com.kemahbudaya.lms"
    },
    "@moodlehq/cordova-plugin-file-transfer": {
      "PACKAGE_NAME": "com.kemahbudaya.lms"
    },
    "@moodlehq/cordova-plugin-inappbrowser": {
      "PACKAGE_NAME": "com.kemahbudaya.lms"
    },
    "@moodlehq/cordova-plugin-intent": {
      "PACKAGE_NAME": "com.kemahbudaya.lms"
    },
    "@moodlehq/cordova-plugin-ionic-webview": {
      "PACKAGE_NAME": "com.kemahbudaya.lms"
    },
    "@moodlehq/cordova-plugin-local-notification": {
      "PACKAGE_NAME": "com.kemahbudaya.lms"
    },
    "@moodlehq/cordova-plugin-qrscanner": {
      "PACKAGE_NAME": "com.kemahbudaya.lms"
    },
    "@moodlehq/cordova-plugin-zip": {
      "PACKAGE_NAME": "com.kemahbudaya.lms"
    },
    "@moodlehq/phonegap-plugin-push": {
      "IOS_FIREBASE_MESSAGING_VERSION": "~> 8.1.1",
      "PACKAGE_NAME": "com.kemahbudaya.lms"
    }
  },
  "dependent_plugins": {},
  "modules": [
    {
      "id": "cordova-clipboard.Clipboard",
      "file": "plugins/cordova-clipboard/www/clipboard.js",
      "pluginId": "cordova-clipboard",
      "clobbers": [
        "cordova.plugins.clipboard"
      ]
    },
    {
      "id": "cordova-plugin-file.DirectoryEntry",
      "file": "plugins/cordova-plugin-file/www/DirectoryEntry.js",
      "pluginId": "cordova-plugin-file",
      "clobbers": [
        "window.DirectoryEntry"
      ]
    },
    {
      "id": "cordova-plugin-file.DirectoryReader",
      "file": "plugins/cordova-plugin-file/www/DirectoryReader.js",
      "pluginId": "cordova-plugin-file",
      "clobbers": [
        "window.DirectoryReader"
      ]
    },
    {
      "id": "cordova-plugin-file.Entry",
      "file": "plugins/cordova-plugin-file/www/Entry.js",
      "pluginId": "cordova-plugin-file",
      "clobbers": [
        "window.Entry"
      ]
    },
    {
      "id": "cordova-plugin-file.File",
      "file": "plugins/cordova-plugin-file/www/File.js",
      "pluginId": "cordova-plugin-file",
      "clobbers": [
        "window.File"
      ]
    },
    {
      "id": "cordova-plugin-file.FileEntry",
      "file": "plugins/cordova-plugin-file/www/FileEntry.js",
      "pluginId": "cordova-plugin-file",
      "clobbers": [
        "window.FileEntry"
      ]
    },
    {
      "id": "cordova-plugin-file.FileError",
      "file": "plugins/cordova-plugin-file/www/FileError.js",
      "pluginId": "cordova-plugin-file",
      "clobbers": [
        "window.FileError"
      ]
    },
    {
      "id": "cordova-plugin-file.FileReader",
      "file": "plugins/cordova-plugin-file/www/FileReader.js",
      "pluginId": "cordova-plugin-file",
      "clobbers": [
        "window.FileReader"
      ]
    },
    {
      "id": "cordova-plugin-file.FileSystem",
      "file": "plugins/cordova-plugin-file/www/FileSystem.js",
      "pluginId": "cordova-plugin-file",
      "clobbers": [
        "window.FileSystem"
      ]
    },
    {
      "id": "cordova-plugin-file.FileUploadOptions",
      "file": "plugins/cordova-plugin-file/www/FileUploadOptions.js",
      "pluginId": "cordova-plugin-file",
      "clobbers": [
        "window.FileUploadOptions"
      ]
    },
    {
      "id": "cordova-plugin-file.FileUploadResult",
      "file": "plugins/cordova-plugin-file/www/FileUploadResult.js",
      "pluginId": "cordova-plugin-file",
      "clobbers": [
        "window.FileUploadResult"
      ]
    },
    {
      "id": "cordova-plugin-file.FileWriter",
      "file": "plugins/cordova-plugin-file/www/FileWriter.js",
      "pluginId": "cordova-plugin-file",
      "clobbers": [
        "window.FileWriter"
      ]
    },
    {
      "id": "cordova-plugin-file.Flags",
      "file": "plugins/cordova-plugin-file/www/Flags.js",
      "pluginId": "cordova-plugin-file",
      "clobbers": [
        "window.Flags"
      ]
    },
    {
      "id": "cordova-plugin-file.LocalFileSystem",
      "file": "plugins/cordova-plugin-file/www/LocalFileSystem.js",
      "pluginId": "cordova-plugin-file",
      "clobbers": [
        "window.LocalFileSystem"
      ],
      "merges": [
        "window"
      ]
    },
    {
      "id": "cordova-plugin-file.Metadata",
      "file": "plugins/cordova-plugin-file/www/Metadata.js",
      "pluginId": "cordova-plugin-file",
      "clobbers": [
        "window.Metadata"
      ]
    },
    {
      "id": "cordova-plugin-file.ProgressEvent",
      "file": "plugins/cordova-plugin-file/www/ProgressEvent.js",
      "pluginId": "cordova-plugin-file",
      "clobbers": [
        "window.ProgressEvent"
      ]
    },
    {
      "id": "cordova-plugin-file.fileSystems",
      "file": "plugins/cordova-plugin-file/www/fileSystems.js",
      "pluginId": "cordova-plugin-file"
    },
    {
      "id": "cordova-plugin-file.requestFileSystem",
      "file": "plugins/cordova-plugin-file/www/requestFileSystem.js",
      "pluginId": "cordova-plugin-file",
      "clobbers": [
        "window.requestFileSystem"
      ]
    },
    {
      "id": "cordova-plugin-file.resolveLocalFileSystemURI",
      "file": "plugins/cordova-plugin-file/www/resolveLocalFileSystemURI.js",
      "pluginId": "cordova-plugin-file",
      "merges": [
        "window"
      ]
    },
    {
      "id": "cordova-plugin-file.isChrome",
      "file": "plugins/cordova-plugin-file/www/browser/isChrome.js",
      "pluginId": "cordova-plugin-file",
      "runs": true
    },
    {
      "id": "cordova-plugin-file.iosFileSystem",
      "file": "plugins/cordova-plugin-file/www/ios/FileSystem.js",
      "pluginId": "cordova-plugin-file",
      "merges": [
        "FileSystem"
      ]
    },
    {
      "id": "cordova-plugin-file.fileSystems-roots",
      "file": "plugins/cordova-plugin-file/www/fileSystems-roots.js",
      "pluginId": "cordova-plugin-file",
      "runs": true
    },
    {
      "id": "cordova-plugin-file.fileSystemPaths",
      "file": "plugins/cordova-plugin-file/www/fileSystemPaths.js",
      "pluginId": "cordova-plugin-file",
      "merges": [
        "cordova"
      ],
      "runs": true
    },
    {
      "id": "cordova-plugin-advanced-http.cookie-handler",
      "file": "plugins/cordova-plugin-advanced-http/www/cookie-handler.js",
      "pluginId": "cordova-plugin-advanced-http"
    },
    {
      "id": "cordova-plugin-advanced-http.dependency-validator",
      "file": "plugins/cordova-plugin-advanced-http/www/dependency-validator.js",
      "pluginId": "cordova-plugin-advanced-http"
    },
    {
      "id": "cordova-plugin-advanced-http.error-codes",
      "file": "plugins/cordova-plugin-advanced-http/www/error-codes.js",
      "pluginId": "cordova-plugin-advanced-http"
    },
    {
      "id": "cordova-plugin-advanced-http.global-configs",
      "file": "plugins/cordova-plugin-advanced-http/www/global-configs.js",
      "pluginId": "cordova-plugin-advanced-http"
    },
    {
      "id": "cordova-plugin-advanced-http.helpers",
      "file": "plugins/cordova-plugin-advanced-http/www/helpers.js",
      "pluginId": "cordova-plugin-advanced-http"
    },
    {
      "id": "cordova-plugin-advanced-http.js-util",
      "file": "plugins/cordova-plugin-advanced-http/www/js-util.js",
      "pluginId": "cordova-plugin-advanced-http"
    },
    {
      "id": "cordova-plugin-advanced-http.local-storage-store",
      "file": "plugins/cordova-plugin-advanced-http/www/local-storage-store.js",
      "pluginId": "cordova-plugin-advanced-http"
    },
    {
      "id": "cordova-plugin-advanced-http.lodash",
      "file": "plugins/cordova-plugin-advanced-http/www/lodash.js",
      "pluginId": "cordova-plugin-advanced-http"
    },
    {
      "id": "cordova-plugin-advanced-http.messages",
      "file": "plugins/cordova-plugin-advanced-http/www/messages.js",
      "pluginId": "cordova-plugin-advanced-http"
    },
    {
      "id": "cordova-plugin-advanced-http.ponyfills",
      "file": "plugins/cordova-plugin-advanced-http/www/ponyfills.js",
      "pluginId": "cordova-plugin-advanced-http"
    },
    {
      "id": "cordova-plugin-advanced-http.public-interface",
      "file": "plugins/cordova-plugin-advanced-http/www/public-interface.js",
      "pluginId": "cordova-plugin-advanced-http"
    },
    {
      "id": "cordova-plugin-advanced-http.tough-cookie",
      "file": "plugins/cordova-plugin-advanced-http/www/umd-tough-cookie.js",
      "pluginId": "cordova-plugin-advanced-http"
    },
    {
      "id": "cordova-plugin-advanced-http.url-util",
      "file": "plugins/cordova-plugin-advanced-http/www/url-util.js",
      "pluginId": "cordova-plugin-advanced-http"
    },
    {
      "id": "cordova-plugin-advanced-http.http",
      "file": "plugins/cordova-plugin-advanced-http/www/advanced-http.js",
      "pluginId": "cordova-plugin-advanced-http",
      "clobbers": [
        "cordova.plugin.http"
      ]
    },
    {
      "id": "cordova-plugin-badge.Badge",
      "file": "plugins/cordova-plugin-badge/www/badge.js",
      "pluginId": "cordova-plugin-badge",
      "clobbers": [
        "cordova.plugins.notification.badge"
      ]
    },
    {
      "id": "cordova-plugin-camera.Camera",
      "file": "plugins/cordova-plugin-camera/www/CameraConstants.js",
      "pluginId": "cordova-plugin-camera",
      "clobbers": [
        "Camera"
      ]
    },
    {
      "id": "cordova-plugin-camera.CameraPopoverOptions",
      "file": "plugins/cordova-plugin-camera/www/CameraPopoverOptions.js",
      "pluginId": "cordova-plugin-camera",
      "clobbers": [
        "CameraPopoverOptions"
      ]
    },
    {
      "id": "cordova-plugin-camera.camera",
      "file": "plugins/cordova-plugin-camera/www/Camera.js",
      "pluginId": "cordova-plugin-camera",
      "clobbers": [
        "navigator.camera"
      ]
    },
    {
      "id": "cordova-plugin-camera.CameraPopoverHandle",
      "file": "plugins/cordova-plugin-camera/www/ios/CameraPopoverHandle.js",
      "pluginId": "cordova-plugin-camera",
      "clobbers": [
        "CameraPopoverHandle"
      ]
    },
    {
      "id": "cordova-plugin-chooser.Chooser",
      "file": "plugins/cordova-plugin-chooser/www/chooser.js",
      "pluginId": "cordova-plugin-chooser",
      "clobbers": [
        "chooser"
      ]
    },
    {
      "id": "cordova-plugin-customurlscheme.LaunchMyApp",
      "file": "plugins/cordova-plugin-customurlscheme/www/ios/LaunchMyApp.js",
      "pluginId": "cordova-plugin-customurlscheme",
      "clobbers": [
        "window.plugins.launchmyapp"
      ]
    },
    {
      "id": "cordova-plugin-device.device",
      "file": "plugins/cordova-plugin-device/www/device.js",
      "pluginId": "cordova-plugin-device",
      "clobbers": [
        "device"
      ]
    },
    {
      "id": "cordova-plugin-geolocation.Coordinates",
      "file": "plugins/cordova-plugin-geolocation/www/Coordinates.js",
      "pluginId": "cordova-plugin-geolocation",
      "clobbers": [
        "Coordinates"
      ]
    },
    {
      "id": "cordova-plugin-geolocation.PositionError",
      "file": "plugins/cordova-plugin-geolocation/www/PositionError.js",
      "pluginId": "cordova-plugin-geolocation",
      "clobbers": [
        "PositionError"
      ]
    },
    {
      "id": "cordova-plugin-geolocation.Position",
      "file": "plugins/cordova-plugin-geolocation/www/Position.js",
      "pluginId": "cordova-plugin-geolocation",
      "clobbers": [
        "Position"
      ]
    },
    {
      "id": "cordova-plugin-geolocation.geolocation",
      "file": "plugins/cordova-plugin-geolocation/www/geolocation.js",
      "pluginId": "cordova-plugin-geolocation",
      "clobbers": [
        "navigator.geolocation"
      ]
    },
    {
      "id": "cordova-plugin-ionic-keyboard.keyboard",
      "file": "plugins/cordova-plugin-ionic-keyboard/www/ios/keyboard.js",
      "pluginId": "cordova-plugin-ionic-keyboard",
      "clobbers": [
        "window.Keyboard"
      ]
    },
    {
      "id": "cordova-plugin-media.MediaError",
      "file": "plugins/cordova-plugin-media/www/MediaError.js",
      "pluginId": "cordova-plugin-media",
      "clobbers": [
        "window.MediaError"
      ]
    },
    {
      "id": "cordova-plugin-media.Media",
      "file": "plugins/cordova-plugin-media/www/Media.js",
      "pluginId": "cordova-plugin-media",
      "clobbers": [
        "window.Media"
      ]
    },
    {
      "id": "cordova-plugin-media-capture.CaptureAudioOptions",
      "file": "plugins/cordova-plugin-media-capture/www/CaptureAudioOptions.js",
      "pluginId": "cordova-plugin-media-capture",
      "clobbers": [
        "CaptureAudioOptions"
      ]
    },
    {
      "id": "cordova-plugin-media-capture.CaptureImageOptions",
      "file": "plugins/cordova-plugin-media-capture/www/CaptureImageOptions.js",
      "pluginId": "cordova-plugin-media-capture",
      "clobbers": [
        "CaptureImageOptions"
      ]
    },
    {
      "id": "cordova-plugin-media-capture.CaptureVideoOptions",
      "file": "plugins/cordova-plugin-media-capture/www/CaptureVideoOptions.js",
      "pluginId": "cordova-plugin-media-capture",
      "clobbers": [
        "CaptureVideoOptions"
      ]
    },
    {
      "id": "cordova-plugin-media-capture.CaptureError",
      "file": "plugins/cordova-plugin-media-capture/www/CaptureError.js",
      "pluginId": "cordova-plugin-media-capture",
      "clobbers": [
        "CaptureError"
      ]
    },
    {
      "id": "cordova-plugin-media-capture.MediaFileData",
      "file": "plugins/cordova-plugin-media-capture/www/MediaFileData.js",
      "pluginId": "cordova-plugin-media-capture",
      "clobbers": [
        "MediaFileData"
      ]
    },
    {
      "id": "cordova-plugin-media-capture.MediaFile",
      "file": "plugins/cordova-plugin-media-capture/www/MediaFile.js",
      "pluginId": "cordova-plugin-media-capture",
      "clobbers": [
        "MediaFile"
      ]
    },
    {
      "id": "cordova-plugin-media-capture.helpers",
      "file": "plugins/cordova-plugin-media-capture/www/helpers.js",
      "pluginId": "cordova-plugin-media-capture",
      "runs": true
    },
    {
      "id": "cordova-plugin-media-capture.capture",
      "file": "plugins/cordova-plugin-media-capture/www/capture.js",
      "pluginId": "cordova-plugin-media-capture",
      "clobbers": [
        "navigator.device.capture"
      ]
    },
    {
      "id": "cordova-plugin-network-information.network",
      "file": "plugins/cordova-plugin-network-information/www/network.js",
      "pluginId": "cordova-plugin-network-information",
      "clobbers": [
        "navigator.connection"
      ]
    },
    {
      "id": "cordova-plugin-network-information.Connection",
      "file": "plugins/cordova-plugin-network-information/www/Connection.js",
      "pluginId": "cordova-plugin-network-information",
      "clobbers": [
        "Connection"
      ]
    },
    {
      "id": "cordova-plugin-screen-orientation.screenorientation",
      "file": "plugins/cordova-plugin-screen-orientation/www/screenorientation.js",
      "pluginId": "cordova-plugin-screen-orientation",
      "clobbers": [
        "cordova.plugins.screenorientation"
      ]
    },
    {
      "id": "cordova-plugin-statusbar.statusbar",
      "file": "plugins/cordova-plugin-statusbar/www/statusbar.js",
      "pluginId": "cordova-plugin-statusbar",
      "clobbers": [
        "window.StatusBar"
      ]
    },
    {
      "id": "cordova-plugin-wkuserscript.WKUserScript",
      "file": "plugins/cordova-plugin-wkuserscript/www/wkuserscript.js",
      "pluginId": "cordova-plugin-wkuserscript",
      "clobbers": [
        "window.WKUserScript"
      ]
    },
    {
      "id": "cordova-plugin-wkwebview-cookies.WKWebViewCookies",
      "file": "plugins/cordova-plugin-wkwebview-cookies/www/wkwebview-cookies.js",
      "pluginId": "cordova-plugin-wkwebview-cookies",
      "clobbers": [
        "window.WKWebViewCookies"
      ]
    },
    {
      "id": "cordova-sqlite-storage.SQLitePlugin",
      "file": "plugins/cordova-sqlite-storage/www/SQLitePlugin.js",
      "pluginId": "cordova-sqlite-storage",
      "clobbers": [
        "SQLitePlugin"
      ]
    },
    {
      "id": "cordova.plugins.diagnostic.Diagnostic",
      "file": "plugins/cordova.plugins.diagnostic/www/ios/diagnostic.js",
      "pluginId": "cordova.plugins.diagnostic",
      "merges": [
        "cordova.plugins.diagnostic"
      ]
    },
    {
      "id": "cordova.plugins.diagnostic.Diagnostic_Location",
      "file": "plugins/cordova.plugins.diagnostic/www/ios/diagnostic.location.js",
      "pluginId": "cordova.plugins.diagnostic",
      "merges": [
        "cordova.plugins.diagnostic.location"
      ]
    },
    {
      "id": "cordova.plugins.diagnostic.Diagnostic_Bluetooth",
      "file": "plugins/cordova.plugins.diagnostic/www/ios/diagnostic.bluetooth.js",
      "pluginId": "cordova.plugins.diagnostic",
      "merges": [
        "cordova.plugins.diagnostic.bluetooth"
      ]
    },
    {
      "id": "cordova.plugins.diagnostic.Diagnostic_Wifi",
      "file": "plugins/cordova.plugins.diagnostic/www/ios/diagnostic.wifi.js",
      "pluginId": "cordova.plugins.diagnostic",
      "merges": [
        "cordova.plugins.diagnostic.wifi"
      ]
    },
    {
      "id": "cordova.plugins.diagnostic.Diagnostic_Camera",
      "file": "plugins/cordova.plugins.diagnostic/www/ios/diagnostic.camera.js",
      "pluginId": "cordova.plugins.diagnostic",
      "merges": [
        "cordova.plugins.diagnostic.camera"
      ]
    },
    {
      "id": "cordova.plugins.diagnostic.Diagnostic_Notifications",
      "file": "plugins/cordova.plugins.diagnostic/www/ios/diagnostic.notifications.js",
      "pluginId": "cordova.plugins.diagnostic",
      "merges": [
        "cordova.plugins.diagnostic.notifications"
      ]
    },
    {
      "id": "cordova.plugins.diagnostic.Diagnostic_Microphone",
      "file": "plugins/cordova.plugins.diagnostic/www/ios/diagnostic.microphone.js",
      "pluginId": "cordova.plugins.diagnostic",
      "merges": [
        "cordova.plugins.diagnostic.microphone"
      ]
    },
    {
      "id": "cordova.plugins.diagnostic.Diagnostic_Contacts",
      "file": "plugins/cordova.plugins.diagnostic/www/ios/diagnostic.contacts.js",
      "pluginId": "cordova.plugins.diagnostic",
      "merges": [
        "cordova.plugins.diagnostic.contacts"
      ]
    },
    {
      "id": "cordova.plugins.diagnostic.Diagnostic_Calendar",
      "file": "plugins/cordova.plugins.diagnostic/www/ios/diagnostic.calendar.js",
      "pluginId": "cordova.plugins.diagnostic",
      "merges": [
        "cordova.plugins.diagnostic.calendar"
      ]
    },
    {
      "id": "cordova.plugins.diagnostic.Diagnostic_Reminders",
      "file": "plugins/cordova.plugins.diagnostic/www/ios/diagnostic.reminders.js",
      "pluginId": "cordova.plugins.diagnostic",
      "merges": [
        "cordova.plugins.diagnostic.reminders"
      ]
    },
    {
      "id": "cordova.plugins.diagnostic.Diagnostic_Motion",
      "file": "plugins/cordova.plugins.diagnostic/www/ios/diagnostic.motion.js",
      "pluginId": "cordova.plugins.diagnostic",
      "merges": [
        "cordova.plugins.diagnostic.motion"
      ]
    },
    {
      "id": "es6-promise-plugin.Promise",
      "file": "plugins/es6-promise-plugin/www/promise.js",
      "pluginId": "es6-promise-plugin",
      "runs": true
    },
    {
      "id": "@moodlehq/cordova-plugin-file-opener.FileOpener2",
      "file": "plugins/@moodlehq/cordova-plugin-file-opener/www/plugins.FileOpener2.js",
      "pluginId": "@moodlehq/cordova-plugin-file-opener",
      "clobbers": [
        "cordova.plugins.fileOpener2"
      ]
    },
    {
      "id": "@moodlehq/cordova-plugin-file-transfer.FileTransferError",
      "file": "plugins/@moodlehq/cordova-plugin-file-transfer/www/FileTransferError.js",
      "pluginId": "@moodlehq/cordova-plugin-file-transfer",
      "clobbers": [
        "window.FileTransferError"
      ]
    },
    {
      "id": "@moodlehq/cordova-plugin-file-transfer.FileTransfer",
      "file": "plugins/@moodlehq/cordova-plugin-file-transfer/www/FileTransfer.js",
      "pluginId": "@moodlehq/cordova-plugin-file-transfer",
      "clobbers": [
        "window.FileTransfer"
      ]
    },
    {
      "id": "@moodlehq/cordova-plugin-inappbrowser.inappbrowser",
      "file": "plugins/@moodlehq/cordova-plugin-inappbrowser/www/inappbrowser.js",
      "pluginId": "@moodlehq/cordova-plugin-inappbrowser",
      "clobbers": [
        "cordova.InAppBrowser.open"
      ]
    },
    {
      "id": "@moodlehq/cordova-plugin-intent.IntentShim",
      "file": "plugins/@moodlehq/cordova-plugin-intent/www/IntentShim.js",
      "pluginId": "@moodlehq/cordova-plugin-intent",
      "clobbers": [
        "intentShim"
      ]
    },
    {
      "id": "@moodlehq/cordova-plugin-ionic-webview.IonicWebView",
      "file": "plugins/@moodlehq/cordova-plugin-ionic-webview/src/www/util.js",
      "pluginId": "@moodlehq/cordova-plugin-ionic-webview",
      "clobbers": [
        "Ionic.WebView"
      ]
    },
    {
      "id": "@moodlehq/cordova-plugin-ionic-webview.ios-wkwebview-exec",
      "file": "plugins/@moodlehq/cordova-plugin-ionic-webview/src/www/ios/ios-wkwebview-exec.js",
      "pluginId": "@moodlehq/cordova-plugin-ionic-webview",
      "clobbers": [
        "cordova.exec"
      ]
    },
    {
      "id": "@moodlehq/cordova-plugin-local-notification.LocalNotification",
      "file": "plugins/@moodlehq/cordova-plugin-local-notification/www/local-notification.js",
      "pluginId": "@moodlehq/cordova-plugin-local-notification",
      "clobbers": [
        "cordova.plugins.notification.local"
      ]
    },
    {
      "id": "@moodlehq/cordova-plugin-qrscanner.QRScanner",
      "file": "plugins/@moodlehq/cordova-plugin-qrscanner/www/www.min.js",
      "pluginId": "@moodlehq/cordova-plugin-qrscanner",
      "clobbers": [
        "QRScanner"
      ]
    },
    {
      "id": "@moodlehq/cordova-plugin-zip.Zip",
      "file": "plugins/@moodlehq/cordova-plugin-zip/zip.js",
      "pluginId": "@moodlehq/cordova-plugin-zip",
      "clobbers": [
        "zip"
      ]
    },
    {
      "id": "@moodlehq/phonegap-plugin-push.PushNotification",
      "file": "plugins/@moodlehq/phonegap-plugin-push/www/push.js",
      "pluginId": "@moodlehq/phonegap-plugin-push",
      "clobbers": [
        "PushNotification"
      ]
    }
  ],
  "plugin_metadata": {
    "cordova-clipboard": "1.3.0",
    "cordova-plugin-add-swift-support": "2.0.2",
    "cordova-plugin-file": "6.0.2",
    "cordova-plugin-advanced-http": "3.3.1",
    "cordova-plugin-androidx-adapter": "1.1.3",
    "cordova-plugin-badge": "0.8.8",
    "cordova-plugin-camera": "6.0.0",
    "cordova-plugin-chooser": "1.3.1",
    "cordova-plugin-customurlscheme": "5.0.2",
    "cordova-plugin-device": "2.1.0",
    "cordova-plugin-geolocation": "4.1.0",
    "cordova-plugin-ionic-keyboard": "2.2.0",
    "cordova-plugin-media": "5.0.4",
    "cordova-plugin-media-capture": "3.0.3",
    "cordova-plugin-network-information": "3.0.0",
    "cordova-plugin-prevent-override": "1.0.1",
    "cordova-plugin-screen-orientation": "3.0.2",
    "cordova-plugin-splashscreen": "6.0.0",
    "cordova-plugin-statusbar": "3.0.0",
    "cordova-plugin-wkuserscript": "1.0.1",
    "cordova-plugin-wkwebview-cookies": "1.0.1",
    "cordova-sqlite-storage": "6.0.0",
    "cordova.plugins.diagnostic": "7.1.1",
    "es6-promise-plugin": "4.2.2",
    "nl.kingsquare.cordova.background-audio": "1.0.1",
    "@moodlehq/cordova-plugin-file-opener": "3.0.5-moodle.1",
    "@moodlehq/cordova-plugin-file-transfer": "1.7.1-moodle.5",
    "@moodlehq/cordova-plugin-inappbrowser": "5.0.0-moodle.3",
    "@moodlehq/cordova-plugin-intent": "2.2.0-moodle.1",
    "@moodlehq/cordova-plugin-ionic-webview": "5.0.0-moodle.1",
    "@moodlehq/cordova-plugin-local-notification": "0.9.0-moodle.7",
    "@moodlehq/cordova-plugin-qrscanner": "3.0.1-moodle.4",
    "@moodlehq/cordova-plugin-zip": "3.1.0-moodle.1",
    "@moodlehq/phonegap-plugin-push": "4.0.0-moodle.2"
  }
}
