{"config":{"app_id":"com.kemahbudaya.lms","appname":"LMS KBKM","versioncode":41001,"versionname":"4.1.0","cache_update_frequency_usually":420000,"cache_update_frequency_often":1200000,"cache_update_frequency_sometimes":3600000,"cache_update_frequency_rarely":43200000,"default_lang":"en","languages":{"af":"Afrikaans","ar":"عربي","az":"Azərbaycanca","bg":"Български","ca":"Català","cs":"Čeština","da":"Dansk","de":"Deutsch","de-du":"Deutsch - Du","el":"Ελληνικά","en":"English","en-us":"English - United States","es":"Español","es-mx":"Español - México","eu":"Euskara","fa":"فارسی","fi":"Suomi","fr":"Français","gl":"Galego","he":"עברית","hi":"हिंदी","hr":"Hrvatski","hsb":"Hornjoserbsski","hu":"magyar","hy":"Հայերեն","id":"Indonesian","it":"Italiano","ja":"日本語","km":"ខ្មែរ","kn":"ಕನ್ನಡ","ko":"한국어","lo":"ລາວ","lt":"Lietuvių","lv":"Latviešu","mn":"Монгол","mr":"मराठी","nl":"Nederlands","no":"Norsk - bokmål","pl":"Polski","pt":"Português - Portugal","pt-br":"Português - Brasil","ro":"Română","ru":"Русский","sl":"Slovenščina","sq":"Shqip","sr-cr":"Српски","sr-lt":"Srpski","sv":"Svenska","tg":"Тоҷикӣ","tr":"Türkçe","uk":"Українська","uz":"O'zbekcha","vi":"Vietnamese","zh-cn":"简体中文","zh-tw":"正體中文"},"wsservice":"moodle_mobile_app","demo_sites":{"student":{"url":"https://school.moodledemo.net","username":"student","password":"moodle"},"teacher":{"url":"https://school.moodledemo.net","username":"teacher","password":"moodle"}},"defaultZoomLevel":"none","zoomlevels":{"none":100,"medium":110,"high":120},"customurlscheme":"lmskbkm","siteurl":"https://lms.kemahbudaya.id/","sitename":"LMS KBKM","multisitesdisplay":"","sitefindersettings":{},"onlyallowlistedsites":false,"skipssoconfirmation":false,"forcedefaultlanguage":false,"privacypolicy":"https://moodle.net/moodle-app-privacy/","notificoncolor":"#f98012","enableanalytics":false,"enableonboarding":true,"forceColorScheme":"","forceLoginLogo":false,"ioswebviewscheme":"lmskbkmfs","appstores":{"android":"com.kemahbudaya.lms","ios":"id633359593"},"wsrequestqueuelimit":10,"wsrequestqueuedelay":100,"calendarreminderdefaultvalue":3600,"toastDurations":{"short":2000,"long":3500,"sticky":0},"disableTokenFile":false},"build":{"version":"4.1.0","isProduction":false,"isTesting":false,"isDevelopment":true,"lastCommitHash":"a7b5091baafffd0d0a5543f98ed84b376c0cc404","compilationTime":1719912478252}}