{
"123": {"type":"application/vnd.lotus-1-2-3"},
"3dm": {"type":"x-world/x-3dmf"},
"3dmf": {"type":"x-world/x-3dmf"},
"3dml": {"type":"text/vnd.in3d.3dml"},
"3ds": {"type":"image/x-3ds"},
"3g2": {"type":"video/3gpp2"},
"3gp": {"type":"video/3gpp","icon":"quicktime","string":"video","groups":["video"]},
"3gpp": {"type":"video/3gpp","icon":"quicktime","string":"video","groups":["video"]},
"7z": {"type":"application/x-7z-compressed","icon":"archive","string":"archive","groups":["archive"]},
"a": {"type":"application/octet-stream"},
"aab": {"type":"application/x-authorware-bin"},
"aac": {"type":"audio/aac","icon":"audio","string":"audio","groups":["audio","html_audio","web_audio"]},
"aam": {"type":"application/x-authorware-map"},
"aas": {"type":"application/x-authorware-seg"},
"abc": {"type":"text/vnd.abc"},
"abw": {"type":"application/x-abiword"},
"ac": {"type":"application/pkix-attr-cert"},
"acc": {"type":"application/vnd.americandynamics.acc"},
"accdb": {"type":"application/msaccess","icon":"base"},
"ace": {"type":"application/x-ace-compressed","icon":"archive"},
"acgi": {"type":"text/html"},
"acu": {"type":"application/vnd.acucobol"},
"acutc": {"type":"application/vnd.acucorp"},
"adp": {"type":"audio/adpcm"},
"aep": {"type":"application/vnd.audiograph"},
"afl": {"type":"video/animaflex"},
"afm": {"type":"application/x-font-type1"},
"afp": {"type":"application/vnd.ibm.modcap"},
"ahead": {"type":"application/vnd.ahead.space"},
"ai": {"type":"application/postscript","icon":"eps","string":"image","groups":["image"]},
"aif": {"type":"audio/x-aiff","icon":"audio","string":"audio","groups":["audio"]},
"aifc": {"type":"audio/x-aiff","icon":"audio","string":"audio","groups":["audio"]},
"aiff": {"type":"audio/x-aiff","icon":"audio","string":"audio","groups":["audio"]},
"aim": {"type":"application/x-aim"},
"aip": {"type":"text/x-audiosoft-intra"},
"air": {"type":"application/vnd.adobe.air-application-installer-package+zip"},
"ait": {"type":"application/vnd.dvb.ait"},
"ami": {"type":"application/vnd.amiga.ami"},
"amr": {"type":"audio/amr","icon":"audio","string":"audio","groups":["audio"]},
"ani": {"type":"application/x-navi-animation"},
"aos": {"type":"application/x-nokia-9000-communicator-add-on-software"},
"apk": {"type":"application/vnd.android.package-archive"},
"appcache": {"type":"text/cache-manifest"},
"applescript": {"type":"text/plain","icon":"text"},
"application": {"type":"application/x-ms-application"},
"apr": {"type":"application/vnd.lotus-approach"},
"aps": {"type":"application/mime"},
"arc": {"type":"application/x-freearc"},
"arj": {"type":"application/arj"},
"art": {"type":"image/x-jg"},
"asa": {"type":"text/plain"},
"asax": {"type":"application/octet-stream"},
"asc": {"type":"text/plain","icon":"sourcecode"},
"ascx": {"type":"text/plain"},
"asf": {"type":"video/x-ms-asf","icon":"wmv","string":"video","groups":["video"]},
"ashx": {"type":"text/plain"},
"asm": {"type":"text/plain","icon":"sourcecode"},
"asmx": {"type":"text/plain"},
"aso": {"type":"application/vnd.accpac.simply.aso"},
"asp": {"type":"text/plain"},
"aspx": {"type":"text/plain"},
"asx": {"type":"video/x-ms-asf"},
"atc": {"type":"application/vnd.acucorp"},
"atom": {"type":"application/atom+xml","icon":"markup"},
"atomcat": {"type":"application/atomcat+xml","icon":"markup"},
"atomsvc": {"type":"application/atomsvc+xml","icon":"markup"},
"atx": {"type":"application/vnd.antix.game-component"},
"au": {"type":"audio/au","icon":"audio","string":"audio","groups":["audio"]},
"avi": {"type":"video/x-ms-wm","icon":"avi","string":"video","groups":["video","web_video"]},
"avs": {"type":"video/avs-video"},
"aw": {"type":"application/applixware"},
"axd": {"type":"text/plain"},
"azf": {"type":"application/vnd.airzip.filesecure.azf","icon":"archive"},
"azs": {"type":"application/vnd.airzip.filesecure.azs","icon":"archive"},
"azw": {"type":"application/vnd.amazon.ebook"},
"bat": {"type":"application/x-msdownload"},
"bcpio": {"type":"application/x-bcpio"},
"bdf": {"type":"application/x-font-bdf"},
"bdm": {"type":"application/vnd.syncml.dm+wbxml"},
"bdoc": {"type":"application/x-digidoc","icon":"document","groups":["archive"]},
"bed": {"type":"application/vnd.realvnc.bed"},
"bh2": {"type":"application/vnd.fujitsu.oasysprs"},
"bin": {"type":"application/octet-stream"},
"blb": {"type":"application/x-blorb"},
"blorb": {"type":"application/x-blorb"},
"bm": {"type":"image/bmp","icon":"bmp","string":"image","groups":["image","web_image"]},
"bmi": {"type":"application/vnd.bmi"},
"bmp": {"type":"image/bmp","icon":"bmp","string":"image","groups":["image","web_image"]},
"boo": {"type":"application/book"},
"book": {"type":"application/vnd.framemaker"},
"box": {"type":"application/vnd.previewsystems.box"},
"boz": {"type":"application/x-bzip2","icon":"archive"},
"bpk": {"type":"application/octet-stream"},
"bsh": {"type":"application/x-bsh"},
"btif": {"type":"image/prs.btif"},
"bz": {"type":"application/x-bzip","icon":"archive"},
"bz2": {"type":"application/x-bzip2","icon":"archive"},
"c": {"type":"text/plain","icon":"sourcecode"},
"c++": {"type":"text/plain"},
"c11amc": {"type":"application/vnd.cluetrust.cartomobile-config"},
"c11amz": {"type":"application/vnd.cluetrust.cartomobile-config-pkg"},
"c4d": {"type":"application/vnd.clonk.c4group"},
"c4f": {"type":"application/vnd.clonk.c4group"},
"c4g": {"type":"application/vnd.clonk.c4group"},
"c4p": {"type":"application/vnd.clonk.c4group"},
"c4u": {"type":"application/vnd.clonk.c4group"},
"cab": {"type":"application/vnd.ms-cab-compressed","icon":"archive"},
"caf": {"type":"audio/x-caf"},
"cap": {"type":"application/vnd.tcpdump.pcap"},
"car": {"type":"application/vnd.curl.car"},
"cat": {"type":"application/vnd.ms-pki.seccat"},
"cb7": {"type":"application/x-cbr"},
"cba": {"type":"application/x-cbr"},
"cbr": {"type":"application/x-cbr"},
"cbt": {"type":"application/x-cbr"},
"cbz": {"type":"application/x-cbr"},
"cc": {"type":"text/x-c"},
"ccad": {"type":"application/clariscad"},
"cco": {"type":"application/x-cocoa"},
"cct": {"type":"shockwave/director","icon":"flash"},
"ccxml": {"type":"application/ccxml+xml"},
"cdbcmsg": {"type":"application/vnd.contact.cmsg"},
"cdf": {"type":"application/x-netcdf"},
"cdkey": {"type":"application/vnd.mediastation.cdkey"},
"cdmia": {"type":"application/cdmi-capability"},
"cdmic": {"type":"application/cdmi-container"},
"cdmid": {"type":"application/cdmi-domain"},
"cdmio": {"type":"application/cdmi-object"},
"cdmiq": {"type":"application/cdmi-queue"},
"cdoc": {"type":"application/x-digidoc","icon":"document","groups":["archive"]},
"cdx": {"type":"chemical/x-cdx"},
"cdxml": {"type":"application/vnd.chemdraw+xml"},
"cdy": {"type":"application/vnd.cinderella"},
"cer": {"type":"application/pkix-cert"},
"cfc": {"type":"application/x-coldfusion"},
"cfm": {"type":"application/x-coldfusion"},
"cfs": {"type":"application/x-cfs-compressed"},
"cgm": {"type":"image/cgm"},
"cha": {"type":"application/x-chat"},
"chat": {"type":"application/x-chat"},
"chm": {"type":"application/vnd.ms-htmlhelp"},
"chrt": {"type":"application/vnd.kde.kchart","icon":"chart"},
"cif": {"type":"chemical/x-cif"},
"cii": {"type":"application/vnd.anser-web-certificate-issue-initiation"},
"cil": {"type":"application/vnd.ms-artgalry"},
"cla": {"type":"application/vnd.claymore"},
"class": {"type":"application/java-vm"},
"clkk": {"type":"application/vnd.crick.clicker.keyboard"},
"clkp": {"type":"application/vnd.crick.clicker.palette"},
"clkt": {"type":"application/vnd.crick.clicker.template"},
"clkw": {"type":"application/vnd.crick.clicker.wordbank"},
"clkx": {"type":"application/vnd.crick.clicker"},
"clp": {"type":"application/x-msclip"},
"cmc": {"type":"application/vnd.cosmocaller"},
"cmdf": {"type":"chemical/x-cmdf"},
"cml": {"type":"chemical/x-cml"},
"cmp": {"type":"application/vnd.yellowriver-custom-menu"},
"cmx": {"type":"image/x-cmx"},
"cod": {"type":"application/vnd.rim.cod"},
"com": {"type":"application/x-msdownload"},
"conf": {"type":"text/plain"},
"cpio": {"type":"application/x-cpio"},
"cpp": {"type":"text/plain","icon":"sourcecode"},
"cpt": {"type":"application/mac-compactpro"},
"crd": {"type":"application/x-mscardfile"},
"crl": {"type":"application/pkix-crl"},
"crt": {"type":"application/x-x509-ca-cert"},
"crx": {"type":"application/octet-stream"},
"cryptonote": {"type":"application/vnd.rig.cryptonote"},
"cs": {"type":"application/x-csh","icon":"sourcecode"},
"csh": {"type":"application/x-csh"},
"csml": {"type":"chemical/x-csml"},
"csp": {"type":"application/vnd.commonspace"},
"csr": {"type":"application/pkcs10"},
"css": {"type":"text/css","icon":"text","groups":["web_file"]},
"cst": {"type":"application/x-director"},
"csv": {"type":"text/csv","icon":"spreadsheet","groups":["spreadsheet"]},
"cu": {"type":"application/cu-seeme"},
"curl": {"type":"text/vnd.curl"},
"cww": {"type":"application/prs.cww"},
"cxt": {"type":"application/x-director"},
"cxx": {"type":"text/x-c"},
"dae": {"type":"model/vnd.collada+xml"},
"daf": {"type":"application/vnd.mobius.daf"},
"dart": {"type":"application/vnd.dart"},
"dataless": {"type":"application/vnd.fdsn.seed"},
"davmount": {"type":"application/davmount+xml"},
"dbk": {"type":"application/docbook+xml"},
"dcr": {"type":"application/x-director","icon":"flash"},
"dcurl": {"type":"text/vnd.curl.dcurl"},
"dd2": {"type":"application/vnd.oma.dd2+xml"},
"ddd": {"type":"application/vnd.fujixerox.ddd"},
"ddoc": {"type":"application/x-digidoc","icon":"document","groups":["archive"]},
"deb": {"type":"application/x-debian-package"},
"deepv": {"type":"application/x-deepv"},
"def": {"type":"text/plain"},
"deploy": {"type":"application/octet-stream"},
"der": {"type":"application/x-x509-ca-cert"},
"dfac": {"type":"application/vnd.dreamfactory"},
"dgc": {"type":"application/x-dgc-compressed"},
"dic": {"type":"text/x-c"},
"dif": {"type":"video/x-dv","icon":"quicktime","string":"video","groups":["video"]},
"dir": {"type":"application/x-director","icon":"flash"},
"dis": {"type":"application/vnd.mobius.dis"},
"dist": {"type":"application/octet-stream"},
"distz": {"type":"application/octet-stream"},
"djv": {"type":"image/vnd.djvu"},
"djvu": {"type":"image/vnd.djvu"},
"dl": {"type":"video/dl"},
"dll": {"type":"application/x-msdownload"},
"dmg": {"type":"application/octet-stream","icon":"unknown"},
"dmp": {"type":"application/vnd.tcpdump.pcap"},
"dms": {"type":"application/octet-stream"},
"dna": {"type":"application/vnd.dna"},
"doc": {"type":"application/msword","icon":"document","groups":["document"]},
"docm": {"type":"application/vnd.ms-word.document.macroenabled.12","icon":"document"},
"docx": {"type":"application/vnd.openxmlformats-officedocument.wordprocessingml.document","icon":"document","groups":["document"]},
"dot": {"type":"application/msword"},
"dotm": {"type":"application/vnd.ms-word.template.macroenabled.12","icon":"document"},
"dotx": {"type":"application/vnd.openxmlformats-officedocument.wordprocessingml.template","icon":"document"},
"dp": {"type":"application/vnd.osgi.dp"},
"dpg": {"type":"application/vnd.dpgraph"},
"dra": {"type":"audio/vnd.dra"},
"drw": {"type":"application/drafting"},
"dsc": {"type":"text/prs.lines.tag"},
"dssc": {"type":"application/dssc+der"},
"dtb": {"type":"application/x-dtbook+xml"},
"dtd": {"type":"application/xml-dtd"},
"dts": {"type":"audio/vnd.dts"},
"dtshd": {"type":"audio/vnd.dts.hd"},
"dump": {"type":"application/octet-stream"},
"dv": {"type":"video/x-dv","icon":"quicktime","string":"video","groups":["video"]},
"dvb": {"type":"video/vnd.dvb.file"},
"dvi": {"type":"application/x-dvi"},
"dwf": {"type":"model/vnd.dwf"},
"dwg": {"type":"image/vnd.dwg"},
"dxf": {"type":"image/vnd.dxf"},
"dxp": {"type":"application/vnd.spotfire.dxp"},
"dxr": {"type":"application/x-director","icon":"flash"},
"ecelp4800": {"type":"audio/vnd.nuera.ecelp4800"},
"ecelp7470": {"type":"audio/vnd.nuera.ecelp7470"},
"ecelp9600": {"type":"audio/vnd.nuera.ecelp9600"},
"ecma": {"type":"application/ecmascript"},
"edm": {"type":"application/vnd.novadigm.edm"},
"edx": {"type":"application/vnd.novadigm.edx"},
"efif": {"type":"application/vnd.picsel"},
"ei6": {"type":"application/vnd.pg.osasli"},
"el": {"type":"text/x-script.elisp"},
"elc": {"type":"application/octet-stream"},
"emf": {"type":"application/x-msmetafile"},
"eml": {"type":"message/rfc822"},
"emma": {"type":"application/emma+xml"},
"emz": {"type":"application/x-msmetafile"},
"env": {"type":"application/x-envoy"},
"eol": {"type":"audio/vnd.digital-winds"},
"eot": {"type":"application/vnd.ms-fontobject"},
"eps": {"type":"application/postscript","icon":"eps"},
"epub": {"type":"application/epub+zip","icon":"epub","groups":["document"]},
"es": {"type":"application/x-esrehber"},
"es3": {"type":"application/vnd.eszigno3+xml"},
"esa": {"type":"application/vnd.osgi.subsystem"},
"esf": {"type":"application/vnd.epson.esf"},
"et3": {"type":"application/vnd.eszigno3+xml"},
"etx": {"type":"text/x-setext"},
"eva": {"type":"application/x-eva"},
"evy": {"type":"application/x-envoy"},
"exe": {"type":"application/x-msdownload"},
"exi": {"type":"application/exi"},
"ext": {"type":"application/vnd.novadigm.ext"},
"ez": {"type":"application/andrew-inset"},
"ez2": {"type":"application/vnd.ezpix-album"},
"ez3": {"type":"application/vnd.ezpix-package"},
"f": {"type":"text/x-fortran"},
"f4v": {"type":"video/mp4","icon":"flash","string":"video","groups":["video","web_video"]},
"f77": {"type":"text/x-fortran"},
"f90": {"type":"text/x-fortran"},
"fbs": {"type":"image/vnd.fastbidsheet"},
"fcdt": {"type":"application/vnd.adobe.formscentral.fcdt"},
"fcs": {"type":"application/vnd.isac.fcs"},
"fdf": {"type":"application/vnd.fdf","icon":"pdf"},
"fdk": {"type":"application/octet-stream"},
"fe_launch": {"type":"application/vnd.denovo.fcselayout-link"},
"fg5": {"type":"application/vnd.fujitsu.oasysgp"},
"fgd": {"type":"application/x-director"},
"fh": {"type":"image/x-freehand"},
"fh4": {"type":"image/x-freehand"},
"fh5": {"type":"image/x-freehand"},
"fh7": {"type":"image/x-freehand"},
"fhc": {"type":"image/x-freehand"},
"fif": {"type":"application/fractals"},
"fig": {"type":"application/x-xfig"},
"flac": {"type":"audio/flac","icon":"audio","string":"audio","groups":["audio","html_audio","web_audio"]},
"fli": {"type":"video/x-fli"},
"flo": {"type":"application/vnd.micrografx.flo"},
"flv": {"type":"video/x-flv","icon":"flash","string":"video","groups":["video","web_video"]},
"flw": {"type":"application/vnd.kde.kivio"},
"flx": {"type":"text/vnd.fmi.flexstor"},
"fly": {"type":"text/vnd.fly"},
"fm": {"type":"application/vnd.framemaker"},
"fmf": {"type":"video/x-atomic3d-feature"},
"fmp4": {"type":"video/mp4","icon":"mpeg","string":"video","groups":["html_video","video","web_video"]},
"fnc": {"type":"application/vnd.frogans.fnc"},
"for": {"type":"text/x-fortran"},
"fpx": {"type":"image/vnd.fpx"},
"frame": {"type":"application/vnd.framemaker"},
"frl": {"type":"application/freeloader"},
"fsc": {"type":"application/vnd.fsc.weblaunch"},
"fst": {"type":"image/vnd.fst"},
"ftc": {"type":"application/vnd.fluxtime.clip"},
"fti": {"type":"application/vnd.anser-web-funds-transfer-initiation"},
"funk": {"type":"audio/make"},
"fvt": {"type":"video/vnd.fvt"},
"fxp": {"type":"application/vnd.adobe.fxp"},
"fxpl": {"type":"application/vnd.adobe.fxp"},
"fzs": {"type":"application/vnd.fuzzysheet"},
"g": {"type":"text/plain"},
"g2w": {"type":"application/vnd.geoplan"},
"g3": {"type":"image/g3fax"},
"g3w": {"type":"application/vnd.geospace"},
"gac": {"type":"application/vnd.groove-account"},
"gallery": {"type":"application/x-smarttech-notebook","icon":"archive"},
"gallerycollection": {"type":"application/x-smarttech-notebook","icon":"archive"},
"galleryitem": {"type":"application/x-smarttech-notebook","icon":"archive"},
"gam": {"type":"application/x-tads"},
"gbr": {"type":"application/rpki-ghostbusters"},
"gca": {"type":"application/x-gca-compressed"},
"gdl": {"type":"model/vnd.gdl"},
"gdoc": {"type":"application/vnd.google-apps.document","icon":"document","groups":["document"]},
"gdraw": {"type":"application/vnd.google-apps.drawing","icon":"image","groups":["image"]},
"geo": {"type":"application/vnd.dynageo"},
"gex": {"type":"application/vnd.geometry-explorer"},
"ggb": {"type":"application/vnd.geogebra.file","icon":"archive"},
"ggt": {"type":"application/vnd.geogebra.tool","icon":"archive"},
"ghf": {"type":"application/vnd.groove-help"},
"gif": {"type":"image/gif","icon":"gif","string":"image","groups":["image","web_image"]},
"gim": {"type":"application/vnd.groove-identity-message"},
"gl": {"type":"video/gl"},
"gml": {"type":"application/gml+xml"},
"gmx": {"type":"application/vnd.gmx"},
"gnumeric": {"type":"application/x-gnumeric","icon":"calc"},
"gph": {"type":"application/vnd.flographit"},
"gpx": {"type":"application/gpx+xml"},
"gqf": {"type":"application/vnd.grafeq"},
"gqs": {"type":"application/vnd.grafeq"},
"gram": {"type":"application/srgs"},
"gramps": {"type":"application/x-gramps-xml"},
"gre": {"type":"application/vnd.geometry-explorer"},
"grv": {"type":"application/vnd.groove-injector"},
"grxml": {"type":"application/srgs+xml"},
"gsd": {"type":"audio/x-gsm"},
"gsf": {"type":"application/x-font-ghostscript"},
"gsheet": {"type":"application/vnd.google-apps.spreadsheet","icon":"spreadsheet","groups":["spreadsheet"]},
"gslides": {"type":"application/vnd.google-apps.presentation","icon":"powerpoint","groups":["presentation"]},
"gsm": {"type":"audio/x-gsm"},
"gsp": {"type":"application/x-gsp"},
"gss": {"type":"application/x-gss"},
"gtar": {"type":"application/x-gtar","icon":"archive","string":"archive","groups":["archive"]},
"gtm": {"type":"application/vnd.groove-tool-message"},
"gtw": {"type":"model/vnd.gtw"},
"gv": {"type":"text/vnd.graphviz"},
"gxf": {"type":"application/gxf"},
"gxt": {"type":"application/vnd.geonext"},
"gz": {"type":"application/g-zip","icon":"archive","string":"archive","groups":["archive"]},
"gzip": {"type":"application/g-zip","icon":"archive","string":"archive","groups":["archive"]},
"h": {"type":"text/plain","icon":"sourcecode"},
"h261": {"type":"video/h261"},
"h263": {"type":"video/h263"},
"h264": {"type":"video/h264"},
"h5p": {"type":"application/zip","icon":"h5p","string":"archive"},
"hal": {"type":"application/vnd.hal+xml"},
"hbci": {"type":"application/vnd.hbci"},
"hdf": {"type":"application/x-hdf"},
"help": {"type":"application/x-helpfile"},
"hgl": {"type":"application/vnd.hp-hpgl"},
"hh": {"type":"text/x-c"},
"hlb": {"type":"text/x-script"},
"hlp": {"type":"application/winhlp"},
"hpg": {"type":"application/vnd.hp-hpgl"},
"hpgl": {"type":"application/vnd.hp-hpgl"},
"hpid": {"type":"application/vnd.hp-hpid"},
"hpp": {"type":"text/plain","icon":"sourcecode"},
"hps": {"type":"application/vnd.hp-hps"},
"hqx": {"type":"application/mac-binhex40","icon":"archive","string":"archive","groups":["archive"]},
"hta": {"type":"application/octet-stream"},
"htc": {"type":"text/x-component","icon":"markup"},
"htke": {"type":"application/vnd.kenameaapp"},
"htm": {"type":"text/html","icon":"html","groups":["web_file"]},
"html": {"type":"text/html","icon":"html","groups":["web_file"]},
"htmls": {"type":"text/html"},
"htt": {"type":"text/webviewhtml"},
"htx": {"type":"text/html"},
"hvd": {"type":"application/vnd.yamaha.hv-dic"},
"hvp": {"type":"application/vnd.yamaha.hv-voice"},
"hvs": {"type":"application/vnd.yamaha.hv-script"},
"i2g": {"type":"application/vnd.intergeo"},
"ibooks": {"type":"application/x-ibooks+zip","icon":"archive"},
"icc": {"type":"application/vnd.iccprofile"},
"ice": {"type":"x-conference/x-cooltalk"},
"icm": {"type":"application/vnd.iccprofile"},
"ico": {"type":"image/vnd.microsoft.icon","icon":"image","string":"image","groups":["image"]},
"ics": {"type":"text/calendar","icon":"text"},
"idc": {"type":"text/plain"},
"ief": {"type":"image/ief"},
"iefs": {"type":"image/ief"},
"ifb": {"type":"text/calendar"},
"ifm": {"type":"application/vnd.shana.informed.formdata"},
"iges": {"type":"model/iges"},
"igl": {"type":"application/vnd.igloader"},
"igm": {"type":"application/vnd.insors.igm"},
"igs": {"type":"model/iges"},
"igx": {"type":"application/vnd.micrografx.igx"},
"iif": {"type":"application/vnd.shana.informed.interchange"},
"ima": {"type":"application/x-ima"},
"imap": {"type":"application/x-httpd-imap"},
"imp": {"type":"application/vnd.accpac.simply.imp"},
"ims": {"type":"application/vnd.ms-ims"},
"in": {"type":"text/plain"},
"inf": {"type":"application/inf"},
"ini": {"type":"text/plain"},
"ink": {"type":"application/inkml+xml"},
"inkml": {"type":"application/inkml+xml"},
"ins": {"type":"application/x-internett-signup"},
"install": {"type":"application/x-install-instructions"},
"iota": {"type":"application/vnd.astraea-software.iota"},
"ip": {"type":"application/x-ip2"},
"ipa": {"type":"application/octet-stream"},
"ipfix": {"type":"application/ipfix"},
"ipk": {"type":"application/vnd.shana.informed.package"},
"irm": {"type":"application/vnd.ibm.rights-management"},
"irp": {"type":"application/vnd.irepository.package+xml"},
"isf": {"type":"application/inspiration","icon":"isf"},
"iso": {"type":"application/x-iso9660-image"},
"ist": {"type":"application/inspiration.template","icon":"isf"},
"isu": {"type":"video/x-isvideo"},
"it": {"type":"audio/it"},
"itp": {"type":"application/vnd.shana.informed.formtemplate"},
"iv": {"type":"application/x-inventor"},
"ivp": {"type":"application/vnd.immervision-ivp"},
"ivr": {"type":"i-world/i-vrml"},
"ivu": {"type":"application/vnd.immervision-ivu"},
"ivy": {"type":"application/x-livescreen"},
"jad": {"type":"text/vnd.sun.j2me.app-descriptor"},
"jam": {"type":"application/vnd.jam"},
"jar": {"type":"application/java-archive","icon":"archive"},
"jav": {"type":"text/plain"},
"java": {"type":"text/plain","icon":"sourcecode"},
"jcb": {"type":"text/xml","icon":"markup"},
"jcl": {"type":"text/xml","icon":"markup"},
"jcm": {"type":"application/x-java-commerce"},
"jcw": {"type":"text/xml","icon":"markup"},
"jfif": {"type":"image/jpeg"},
"jfif-tbnl": {"type":"image/jpeg"},
"jisp": {"type":"application/vnd.jisp"},
"jlt": {"type":"application/vnd.hp-jlyt"},
"jmt": {"type":"text/xml","icon":"markup"},
"jmx": {"type":"text/xml","icon":"markup"},
"jnlp": {"type":"application/x-java-jnlp-file","icon":"markup"},
"joda": {"type":"application/vnd.joost.joda-archive"},
"jpe": {"type":"image/jpeg","icon":"jpeg","string":"image","groups":["image","web_image"]},
"jpeg": {"type":"image/jpeg","icon":"jpeg","string":"image","groups":["image","web_image"]},
"jpg": {"type":"image/jpeg","icon":"jpeg","string":"image","groups":["image","web_image"]},
"jpgm": {"type":"video/jpm"},
"jpgv": {"type":"video/jpeg"},
"jpm": {"type":"video/jpm"},
"jps": {"type":"image/x-jps"},
"jqz": {"type":"text/xml","icon":"markup"},
"js": {"type":"application/x-javascript","icon":"text","groups":["web_file"]},
"json": {"type":"application/json","icon":"text"},
"jsonml": {"type":"application/jsonml+json"},
"jut": {"type":"image/jutvision"},
"kar": {"type":"audio/midi"},
"karbon": {"type":"application/vnd.kde.karbon"},
"key": {"type":"application/pkcs8"},
"kfo": {"type":"application/vnd.kde.kformula"},
"kia": {"type":"application/vnd.kidspiration"},
"kml": {"type":"application/vnd.google-earth.kml+xml"},
"kmz": {"type":"application/vnd.google-earth.kmz"},
"kne": {"type":"application/vnd.kinar"},
"knp": {"type":"application/vnd.kinar"},
"kon": {"type":"application/vnd.kde.kontour"},
"kpr": {"type":"application/vnd.kde.kpresenter"},
"kpt": {"type":"application/vnd.kde.kpresenter"},
"kpxx": {"type":"application/vnd.ds-keypoint"},
"ksh": {"type":"application/x-ksh"},
"ksp": {"type":"application/vnd.kde.kspread"},
"ktr": {"type":"application/vnd.kahootz"},
"ktx": {"type":"image/ktx"},
"ktz": {"type":"application/vnd.kahootz"},
"kwd": {"type":"application/vnd.kde.kword"},
"kwt": {"type":"application/vnd.kde.kword"},
"la": {"type":"audio/nspaudio"},
"lam": {"type":"audio/x-liveaudio"},
"lasxml": {"type":"application/vnd.las.las+xml"},
"latex": {"type":"application/x-latex","icon":"text"},
"lbd": {"type":"application/vnd.llamagraphics.life-balance.desktop"},
"lbe": {"type":"application/vnd.llamagraphics.life-balance.exchange+xml"},
"les": {"type":"application/vnd.hhe.lesson-player"},
"lha": {"type":"application/x-lzh-compressed"},
"lhx": {"type":"application/octet-stream"},
"link66": {"type":"application/vnd.route66.link66+xml"},
"list": {"type":"text/plain"},
"list3820": {"type":"application/vnd.ibm.modcap"},
"listafp": {"type":"application/vnd.ibm.modcap"},
"lma": {"type":"audio/nspaudio"},
"lnk": {"type":"application/x-ms-shortcut"},
"log": {"type":"text/plain"},
"lostxml": {"type":"application/lost+xml"},
"lrf": {"type":"application/octet-stream"},
"lrm": {"type":"application/vnd.ms-lrm"},
"lsp": {"type":"application/x-lisp"},
"lst": {"type":"text/plain"},
"lsx": {"type":"text/x-la-asf"},
"ltf": {"type":"application/vnd.frogans.ltf"},
"ltx": {"type":"application/x-latex"},
"lvp": {"type":"audio/vnd.lucent.voice"},
"lwp": {"type":"application/vnd.lotus-wordpro"},
"lz": {"type":"application/x-lzip","icon":"archive"},
"lzh": {"type":"application/x-lzh-compressed"},
"lzma": {"type":"application/x-lzma"},
"lzo": {"type":"application/x-lzop"},
"lzx": {"type":"application/lzx"},
"m": {"type":"text/plain","icon":"sourcecode"},
"m13": {"type":"application/x-msmediaview"},
"m14": {"type":"application/x-msmediaview"},
"m1v": {"type":"video/mpeg"},
"m21": {"type":"application/mp21"},
"m2a": {"type":"audio/mpeg"},
"m2v": {"type":"video/mpeg"},
"m3a": {"type":"audio/mpeg"},
"m3u": {"type":"audio/x-mpegurl","icon":"mp3","string":"audio","groups":["audio"]},
"m3u8": {"type":"application/x-mpegURL","icon":"mpeg","groups":["media_source"]},
"m4a": {"type":"audio/mp4","icon":"mp3","string":"audio","groups":["audio","html_audio","web_audio"]},
"m4u": {"type":"video/vnd.mpegurl"},
"m4v": {"type":"video/mp4","icon":"mpeg","string":"video","groups":["html_video","video","web_video"]},
"ma": {"type":"application/mathematica","string":"math"},
"mads": {"type":"application/mads+xml"},
"mag": {"type":"application/vnd.ecowin.chart"},
"maker": {"type":"application/vnd.framemaker"},
"man": {"type":"text/troff"},
"map": {"type":"application/x-navimap"},
"mar": {"type":"application/octet-stream"},
"mathml": {"type":"application/mathml+xml","string":"math"},
"mb": {"type":"application/mathematica","string":"math"},
"mbd": {"type":"application/mbedlet"},
"mbk": {"type":"application/vnd.mobius.mbk"},
"mbox": {"type":"application/mbox"},
"mbz": {"type":"application/vnd.moodle.backup","icon":"moodle"},
"mc$": {"type":"application/x-magic-cap-package-1.0"},
"mc1": {"type":"application/vnd.medcalcdata"},
"mcd": {"type":"application/vnd.mcd"},
"mcf": {"type":"image/vasa"},
"mcp": {"type":"application/netmc"},
"mcurl": {"type":"text/vnd.curl.mcurl"},
"mdb": {"type":"application/x-msaccess","icon":"base"},
"mdi": {"type":"image/vnd.ms-modi"},
"me": {"type":"text/troff"},
"mesh": {"type":"model/mesh"},
"meta4": {"type":"application/metalink4+xml"},
"metalink": {"type":"application/metalink+xml"},
"mets": {"type":"application/mets+xml"},
"mfm": {"type":"application/vnd.mfmp"},
"mft": {"type":"application/rpki-manifest"},
"mgp": {"type":"application/vnd.osgeo.mapguide.package"},
"mgz": {"type":"application/vnd.proteus.magazine"},
"mht": {"type":"message/rfc822","icon":"archive"},
"mhtml": {"type":"message/rfc822","icon":"archive"},
"mid": {"type":"audio/midi"},
"midi": {"type":"audio/midi"},
"mie": {"type":"application/x-mie"},
"mif": {"type":"application/vnd.mif"},
"mime": {"type":"message/rfc822"},
"mj2": {"type":"video/mj2"},
"mjf": {"type":"audio/x-vnd.audioexplosion.mjuicemediafile"},
"mjp2": {"type":"video/mj2"},
"mjpg": {"type":"video/x-motion-jpeg"},
"mk3d": {"type":"video/x-matroska"},
"mka": {"type":"audio/x-matroska"},
"mks": {"type":"video/x-matroska"},
"mkv": {"type":"video/x-matroska"},
"mlp": {"type":"application/vnd.dolby.mlp"},
"mm": {"type":"application/base64"},
"mmd": {"type":"application/vnd.chipnuts.karaoke-mmd"},
"mme": {"type":"application/base64"},
"mmf": {"type":"application/vnd.smaf"},
"mmr": {"type":"image/vnd.fujixerox.edmics-mmr"},
"mng": {"type":"video/x-mng"},
"mny": {"type":"application/x-msmoney"},
"mobi": {"type":"application/x-mobipocket-ebook"},
"mod": {"type":"audio/mod"},
"mods": {"type":"application/mods+xml"},
"moov": {"type":"video/quicktime"},
"mov": {"type":"video/quicktime","icon":"quicktime","string":"video","groups":["video","web_video","html_video"]},
"movie": {"type":"video/x-sgi-movie","icon":"quicktime","string":"video","groups":["video"]},
"mp2": {"type":"audio/mpeg"},
"mp21": {"type":"application/mp21"},
"mp2a": {"type":"audio/mpeg"},
"mp3": {"type":"audio/mp3","icon":"mp3","string":"audio","groups":["audio","html_audio","web_audio"]},
"mp4": {"type":"video/mp4","icon":"mpeg","string":"video","groups":["html_video","video","web_video"]},
"mp4a": {"type":"audio/mp4","icon":"audio","string":"audio","groups":["audio","html_audio","web_audio"]},
"mp4s": {"type":"application/mp4"},
"mp4v": {"type":"video/mp4","icon":"mpeg","string":"video","groups":["video","web_video"]},
"mpa": {"type":"audio/mpeg"},
"mpc": {"type":"application/vnd.mophun.certificate"},
"mpd": {"type":"application/dash+xml","icon":"mpeg","groups":["media_source"]},
"mpe": {"type":"video/mpeg","icon":"mpeg","string":"video","groups":["video","web_video"]},
"mpeg": {"type":"video/mpeg","icon":"mpeg","string":"video","groups":["video","web_video"]},
"mpg": {"type":"video/mpeg","icon":"mpeg","string":"video","groups":["video","web_video"]},
"mpg4": {"type":"video/mp4"},
"mpga": {"type":"audio/mpeg"},
"mpkg": {"type":"application/vnd.apple.installer+xml"},
"mpm": {"type":"application/vnd.blueice.multipass"},
"mpn": {"type":"application/vnd.mophun.application"},
"mpp": {"type":"application/vnd.ms-project"},
"mpr": {"type":"application/vnd.moodle.profiling","icon":"moodle"},
"mpt": {"type":"application/vnd.ms-project"},
"mpv": {"type":"application/x-project"},
"mpx": {"type":"application/x-project"},
"mpy": {"type":"application/vnd.ibm.minipay"},
"mqy": {"type":"application/vnd.mobius.mqy"},
"mrc": {"type":"application/marc"},
"mrcx": {"type":"application/marcxml+xml"},
"ms": {"type":"text/troff"},
"mscml": {"type":"application/mediaservercontrol+xml"},
"mseed": {"type":"application/vnd.fdsn.mseed"},
"mseq": {"type":"application/vnd.mseq"},
"msf": {"type":"application/vnd.epson.msf"},
"msh": {"type":"model/mesh"},
"msi": {"type":"application/x-msdownload"},
"msl": {"type":"application/vnd.mobius.msl"},
"msty": {"type":"application/vnd.muvee.style"},
"mts": {"type":"model/vnd.mts"},
"mus": {"type":"application/vnd.musician"},
"musicxml": {"type":"application/vnd.recordare.musicxml+xml"},
"mv": {"type":"video/x-sgi-movie"},
"mvb": {"type":"application/x-msmediaview"},
"mw": {"type":"application/maple","icon":"math"},
"mwf": {"type":"application/vnd.mfer"},
"mws": {"type":"application/maple","icon":"math"},
"mxf": {"type":"application/mxf"},
"mxl": {"type":"application/vnd.recordare.musicxml"},
"mxml": {"type":"application/xv+xml"},
"mxs": {"type":"application/vnd.triscape.mxs"},
"mxu": {"type":"video/vnd.mpegurl"},
"my": {"type":"audio/make"},
"mzz": {"type":"application/x-vnd.audioexplosion.mzz"},
"n-gage": {"type":"application/vnd.nokia.n-gage.symbian.install"},
"n3": {"type":"text/n3"},
"nap": {"type":"image/naplps"},
"naplps": {"type":"image/naplps"},
"nb": {"type":"application/mathematica","string":"math"},
"nbk": {"type":"application/x-smarttech-notebook","icon":"archive"},
"nbp": {"type":"application/vnd.wolfram.player"},
"nc": {"type":"application/x-netcdf"},
"ncm": {"type":"application/vnd.nokia.configuration-message"},
"ncx": {"type":"application/x-dtbncx+xml"},
"nfo": {"type":"text/x-nfo"},
"ngdat": {"type":"application/vnd.nokia.n-gage.data"},
"nif": {"type":"image/x-niff"},
"niff": {"type":"image/x-niff"},
"nitf": {"type":"application/vnd.nitf"},
"nix": {"type":"application/x-mix-transfer"},
"nlu": {"type":"application/vnd.neurolanguage.nlu"},
"nml": {"type":"application/vnd.enliven"},
"nnd": {"type":"application/vnd.noblenet-directory"},
"nns": {"type":"application/vnd.noblenet-sealer"},
"nnw": {"type":"application/vnd.noblenet-web"},
"notebook": {"type":"application/x-smarttech-notebook","icon":"archive"},
"npx": {"type":"image/vnd.net-fpx"},
"nsc": {"type":"application/x-conference"},
"nsf": {"type":"application/vnd.lotus-notes"},
"ntf": {"type":"application/vnd.nitf"},
"nvd": {"type":"application/x-navidoc"},
"nzb": {"type":"application/x-nzb"},
"o": {"type":"application/octet-stream"},
"oa2": {"type":"application/vnd.fujitsu.oasys2"},
"oa3": {"type":"application/vnd.fujitsu.oasys3"},
"oas": {"type":"application/vnd.fujitsu.oasys"},
"obd": {"type":"application/x-msbinder"},
"obj": {"type":"application/x-tgif"},
"oda": {"type":"application/oda"},
"odb": {"type":"application/vnd.oasis.opendocument.database","icon":"base"},
"odc": {"type":"application/vnd.oasis.opendocument.chart","icon":"chart"},
"odf": {"type":"application/vnd.oasis.opendocument.formula","icon":"math"},
"odft": {"type":"application/vnd.oasis.opendocument.formula-template","icon":"math"},
"odg": {"type":"application/vnd.oasis.opendocument.graphics","icon":"draw"},
"odi": {"type":"application/vnd.oasis.opendocument.image","icon":"draw"},
"odm": {"type":"application/vnd.oasis.opendocument.text-master","icon":"writer"},
"odp": {"type":"application/vnd.oasis.opendocument.presentation","icon":"impress","groups":["presentation"]},
"ods": {"type":"application/vnd.oasis.opendocument.spreadsheet","icon":"calc","groups":["spreadsheet"]},
"odt": {"type":"application/vnd.oasis.opendocument.text","icon":"writer","groups":["document"]},
"oga": {"type":"audio/ogg","icon":"audio","string":"audio","groups":["audio","html_audio","web_audio"]},
"ogg": {"type":"audio/ogg","icon":"audio","string":"audio","groups":["audio","html_audio","web_audio"]},
"ogv": {"type":"video/ogg","icon":"video","string":"video","groups":["html_video","video","web_video"]},
"ogx": {"type":"application/ogg"},
"omc": {"type":"application/x-omc"},
"omcd": {"type":"application/x-omcdatamaker"},
"omcr": {"type":"application/x-omcregerator"},
"omdoc": {"type":"application/omdoc+xml"},
"onepkg": {"type":"application/onenote"},
"onetmp": {"type":"application/onenote"},
"onetoc": {"type":"application/onenote"},
"onetoc2": {"type":"application/onenote"},
"opf": {"type":"application/oebps-package+xml"},
"opml": {"type":"text/x-opml"},
"oprc": {"type":"application/vnd.palm"},
"org": {"type":"application/vnd.lotus-organizer"},
"osf": {"type":"application/vnd.yamaha.openscoreformat"},
"osfpvg": {"type":"application/vnd.yamaha.openscoreformat.osfpvg+xml"},
"otc": {"type":"application/vnd.oasis.opendocument.chart-template","icon":"chart"},
"otf": {"type":"application/x-font-otf"},
"otg": {"type":"application/vnd.oasis.opendocument.graphics-template","icon":"draw"},
"oth": {"type":"application/vnd.oasis.opendocument.text-web","icon":"oth","groups":["document"]},
"oti": {"type":"application/vnd.oasis.opendocument.image-template"},
"otp": {"type":"application/vnd.oasis.opendocument.presentation-template","icon":"impress","groups":["presentation"]},
"ots": {"type":"application/vnd.oasis.opendocument.spreadsheet-template","icon":"calc","groups":["spreadsheet"]},
"ott": {"type":"application/vnd.oasis.opendocument.text-template","icon":"writer","groups":["document"]},
"oxps": {"type":"application/oxps"},
"oxt": {"type":"application/vnd.openofficeorg.extension"},
"p": {"type":"text/x-pascal"},
"p10": {"type":"application/pkcs10"},
"p12": {"type":"application/x-pkcs12"},
"p7a": {"type":"application/x-pkcs7-signature"},
"p7b": {"type":"application/x-pkcs7-certificates"},
"p7c": {"type":"application/pkcs7-mime"},
"p7m": {"type":"application/pkcs7-mime"},
"p7r": {"type":"application/x-pkcs7-certreqresp"},
"p7s": {"type":"application/pkcs7-signature"},
"p8": {"type":"application/pkcs8"},
"part": {"type":"application/pro_eng"},
"pas": {"type":"text/x-pascal"},
"paw": {"type":"application/vnd.pawaafile"},
"pbd": {"type":"application/vnd.powerbuilder6"},
"pbm": {"type":"image/x-portable-bitmap"},
"pcap": {"type":"application/vnd.tcpdump.pcap"},
"pcf": {"type":"application/x-font-pcf"},
"pcl": {"type":"application/vnd.hp-pcl"},
"pclxl": {"type":"application/vnd.hp-pclxl"},
"pct": {"type":"image/pict","icon":"image","string":"image","groups":["image"]},
"pcurl": {"type":"application/vnd.curl.pcurl"},
"pcx": {"type":"image/x-pcx"},
"pdb": {"type":"application/vnd.palm"},
"pdf": {"type":"application/pdf","icon":"pdf","groups":["document"]},
"pem": {"type":"application/x-pem-file"},
"pfa": {"type":"application/x-font-type1"},
"pfb": {"type":"application/x-font-type1"},
"pfm": {"type":"application/x-font-type1"},
"pfr": {"type":"application/font-tdpfr"},
"pfunk": {"type":"audio/make"},
"pfx": {"type":"application/x-pkcs12"},
"pgm": {"type":"image/x-portable-graymap"},
"pgn": {"type":"application/x-chess-pgn"},
"pgp": {"type":"application/pgp-encrypted"},
"phar": {"type":"application/octet-stream"},
"php": {"type":"text/plain","icon":"sourcecode"},
"phps": {"type":"application/x-httpd-phps"},
"pic": {"type":"image/pict","icon":"image","string":"image","groups":["image"]},
"pict": {"type":"image/pict","icon":"image","string":"image","groups":["image"]},
"pkg": {"type":"application/octet-stream"},
"pki": {"type":"application/pkixcmp"},
"pkipath": {"type":"application/pkix-pkipath"},
"pko": {"type":"application/vnd.ms-pki.pko"},
"pl": {"type":"text/plain"},
"plb": {"type":"application/vnd.3gpp.pic-bw-large"},
"plc": {"type":"application/vnd.mobius.plc"},
"plf": {"type":"application/vnd.pocketlearn"},
"plist": {"type":"application/x-plist"},
"pls": {"type":"application/pls+xml"},
"plx": {"type":"application/x-pixclscript"},
"pm": {"type":"image/x-xpixmap"},
"pm4": {"type":"application/x-pagemaker"},
"pm5": {"type":"application/x-pagemaker"},
"pml": {"type":"application/vnd.ctc-posml"},
"png": {"type":"image/png","icon":"png","string":"image","groups":["image","web_image"]},
"pnm": {"type":"image/x-portable-anymap"},
"portpkg": {"type":"application/vnd.macports.portpkg"},
"pot": {"type":"application/vnd.ms-powerpoint","icon":"powerpoint","groups":["presentation"]},
"potm": {"type":"application/vnd.ms-powerpoint.template.macroenabled.12","icon":"powerpoint","groups":["presentation"]},
"potx": {"type":"application/vnd.openxmlformats-officedocument.presentationml.template","icon":"powerpoint","groups":["presentation"]},
"pov": {"type":"model/x-pov"},
"ppa": {"type":"application/vnd.ms-powerpoint","icon":"powerpoint","groups":["presentation"]},
"ppam": {"type":"application/vnd.ms-powerpoint.addin.macroenabled.12","icon":"powerpoint","groups":["presentation"]},
"ppd": {"type":"application/vnd.cups-ppd"},
"ppm": {"type":"image/x-portable-pixmap"},
"pps": {"type":"application/vnd.ms-powerpoint","icon":"powerpoint","groups":["presentation"]},
"ppsm": {"type":"application/vnd.ms-powerpoint.slideshow.macroenabled.12","icon":"powerpoint","groups":["presentation"]},
"ppsx": {"type":"application/vnd.openxmlformats-officedocument.presentationml.slideshow","icon":"powerpoint","groups":["presentation"]},
"ppt": {"type":"application/vnd.ms-powerpoint","icon":"powerpoint","groups":["presentation"]},
"pptm": {"type":"application/vnd.ms-powerpoint.presentation.macroenabled.12","icon":"powerpoint","groups":["presentation"]},
"pptx": {"type":"application/vnd.openxmlformats-officedocument.presentationml.presentation","icon":"powerpoint","groups":["presentation"]},
"ppz": {"type":"application/mspowerpoint"},
"pqa": {"type":"application/vnd.palm"},
"prc": {"type":"application/x-mobipocket-ebook"},
"pre": {"type":"application/vnd.lotus-freelance"},
"prf": {"type":"application/pics-rules"},
"prt": {"type":"application/pro_eng"},
"ps": {"type":"application/postscript","icon":"pdf"},
"psb": {"type":"application/vnd.3gpp.pic-bw-small"},
"psd": {"type":"image/vnd.adobe.photoshop","icon":"psd"},
"psf": {"type":"application/x-font-linux-psf"},
"pskcxml": {"type":"application/pskc+xml"},
"ptid": {"type":"application/vnd.pvi.ptid1"},
"pub": {"type":"application/x-mspublisher","icon":"publisher","groups":["presentation"]},
"pvb": {"type":"application/vnd.3gpp.pic-bw-var"},
"pvu": {"type":"paleovu/x-pv"},
"pwn": {"type":"application/vnd.3m.post-it-notes"},
"pwz": {"type":"application/vnd.ms-powerpoint","icon":"powerpoint","groups":["presentation"]},
"py": {"type":"text/x-script.phyton"},
"pya": {"type":"audio/vnd.ms-playready.media.pya"},
"pyc": {"type":"application/x-bytecode.python"},
"pyv": {"type":"video/vnd.ms-playready.media.pyv"},
"qam": {"type":"application/vnd.epson.quickanime"},
"qbo": {"type":"application/vnd.intu.qbo"},
"qcp": {"type":"audio/vnd.qcelp"},
"qd3": {"type":"x-world/x-3dmf"},
"qd3d": {"type":"x-world/x-3dmf"},
"qfx": {"type":"application/vnd.intu.qfx"},
"qif": {"type":"image/x-quicktime"},
"qps": {"type":"application/vnd.publishare-delta-tree"},
"qt": {"type":"video/quicktime","icon":"quicktime","string":"video","groups":["video","web_video"]},
"qtc": {"type":"video/x-qtc"},
"qti": {"type":"image/x-quicktime"},
"qtif": {"type":"image/x-quicktime"},
"qwd": {"type":"application/vnd.quark.quarkxpress"},
"qwt": {"type":"application/vnd.quark.quarkxpress"},
"qxb": {"type":"application/vnd.quark.quarkxpress"},
"qxd": {"type":"application/vnd.quark.quarkxpress"},
"qxl": {"type":"application/vnd.quark.quarkxpress"},
"qxt": {"type":"application/vnd.quark.quarkxpress"},
"ra": {"type":"audio/x-realaudio-plugin","icon":"audio","string":"audio","groups":["audio","web_audio"]},
"ram": {"type":"audio/x-pn-realaudio-plugin","icon":"audio","string":"audio","groups":["audio"]},
"rar": {"type":"application/x-rar-compressed","icon":"archive","string":"archive","groups":["archive"]},
"ras": {"type":"image/x-cmu-raster"},
"rast": {"type":"image/cmu-raster"},
"rb": {"type":"text/plain"},
"rcprofile": {"type":"application/vnd.ipunplugged.rcprofile"},
"rdf": {"type":"application/rdf+xml"},
"rdz": {"type":"application/vnd.data-vision.rdz"},
"rep": {"type":"application/vnd.businessobjects"},
"res": {"type":"application/x-dtbresource+xml"},
"resx": {"type":"text/xml"},
"rexx": {"type":"text/x-script.rexx"},
"rf": {"type":"image/vnd.rn-realflash"},
"rgb": {"type":"image/x-rgb"},
"rhb": {"type":"text/xml","icon":"markup"},
"rif": {"type":"application/reginfo+xml"},
"rip": {"type":"audio/vnd.rip"},
"ris": {"type":"application/x-research-info-systems"},
"rl": {"type":"application/resource-lists+xml"},
"rlc": {"type":"image/vnd.fujixerox.edmics-rlc"},
"rld": {"type":"application/resource-lists-diff+xml"},
"rm": {"type":"audio/x-pn-realaudio-plugin","icon":"audio","string":"audio","groups":["audio"]},
"rmi": {"type":"audio/midi"},
"rmm": {"type":"audio/x-pn-realaudio"},
"rmp": {"type":"audio/x-pn-realaudio-plugin"},
"rms": {"type":"application/vnd.jcp.javame.midlet-rms"},
"rmvb": {"type":"application/vnd.rn-realmedia-vbr","icon":"video","string":"video","groups":["video"]},
"rnc": {"type":"application/relax-ng-compact-syntax"},
"rng": {"type":"application/ringing-tones"},
"rnx": {"type":"application/vnd.rn-realplayer"},
"roa": {"type":"application/rpki-roa"},
"roff": {"type":"text/troff"},
"rp": {"type":"image/vnd.rn-realpix"},
"rp9": {"type":"application/vnd.cloanto.rp9"},
"rpm": {"type":"application/x-rpm"},
"rpss": {"type":"application/vnd.nokia.radio-presets"},
"rpst": {"type":"application/vnd.nokia.radio-preset"},
"rq": {"type":"application/sparql-query"},
"rs": {"type":"application/rls-services+xml"},
"rsd": {"type":"application/rsd+xml"},
"rss": {"type":"application/rss+xml"},
"rt": {"type":"text/richtext"},
"rtf": {"type":"text/rtf","icon":"text","groups":["document"]},
"rtx": {"type":"text/richtext","icon":"text"},
"rv": {"type":"audio/x-pn-realaudio-plugin","icon":"audio","string":"video","groups":["video"]},
"s": {"type":"text/x-asm"},
"s3m": {"type":"audio/s3m"},
"saf": {"type":"application/vnd.yamaha.smaf-audio"},
"safariextz": {"type":"application/octet-stream"},
"sass": {"type":"text/x-sass"},
"saveme": {"type":"application/octet-stream"},
"sbk": {"type":"application/x-tbook"},
"sbml": {"type":"application/sbml+xml"},
"sc": {"type":"application/vnd.ibm.secure-container"},
"scd": {"type":"application/x-msschedule"},
"scm": {"type":"application/vnd.lotus-screencam"},
"scq": {"type":"application/scvp-cv-request"},
"scs": {"type":"application/scvp-cv-response"},
"scss": {"type":"text/x-scss","icon":"text","groups":["web_file"]},
"scurl": {"type":"text/vnd.curl.scurl"},
"sda": {"type":"application/vnd.stardivision.draw","icon":"draw"},
"sdc": {"type":"application/vnd.stardivision.calc","icon":"calc"},
"sdd": {"type":"application/vnd.stardivision.impress","icon":"impress"},
"sdkd": {"type":"application/vnd.solent.sdkm+xml"},
"sdkm": {"type":"application/vnd.solent.sdkm+xml"},
"sdml": {"type":"text/plain"},
"sdp": {"type":"application/sdp"},
"sdr": {"type":"application/sounder"},
"sdw": {"type":"application/vnd.stardivision.writer","icon":"writer"},
"sea": {"type":"application/sea"},
"see": {"type":"application/vnd.seemail"},
"seed": {"type":"application/vnd.fdsn.seed"},
"sema": {"type":"application/vnd.sema"},
"semd": {"type":"application/vnd.semd"},
"semf": {"type":"application/vnd.semf"},
"ser": {"type":"application/java-serialized-object"},
"set": {"type":"application/set"},
"setpay": {"type":"application/set-payment-initiation"},
"setreg": {"type":"application/set-registration-initiation"},
"sfd-hdstx": {"type":"application/vnd.hydrostatix.sof-data"},
"sfs": {"type":"application/vnd.spotfire.sfs"},
"sfv": {"type":"text/x-sfv"},
"sgi": {"type":"image/sgi"},
"sgl": {"type":"application/vnd.stardivision.writer-global"},
"sgm": {"type":"text/sgml"},
"sgml": {"type":"text/sgml"},
"sh": {"type":"application/x-sh","icon":"sourcecode"},
"shar": {"type":"application/x-shar"},
"shf": {"type":"application/shf+xml"},
"shtml": {"type":"text/html"},
"sid": {"type":"image/x-mrsid-image"},
"sig": {"type":"application/pgp-signature"},
"sil": {"type":"audio/silk"},
"silo": {"type":"model/mesh"},
"sis": {"type":"application/vnd.symbian.install"},
"sisx": {"type":"application/vnd.symbian.install"},
"sit": {"type":"application/x-stuffit","icon":"archive","string":"archive","groups":["archive"]},
"sitx": {"type":"application/x-stuffitx"},
"skd": {"type":"application/vnd.koan"},
"skm": {"type":"application/vnd.koan"},
"skp": {"type":"application/vnd.koan"},
"skt": {"type":"application/vnd.koan"},
"sl": {"type":"application/x-seelogo"},
"sldm": {"type":"application/vnd.ms-powerpoint.slide.macroenabled.12","icon":"powerpoint","groups":["presentation"]},
"sldx": {"type":"application/vnd.openxmlformats-officedocument.presentationml.slide"},
"slt": {"type":"application/vnd.epson.salt"},
"sm": {"type":"application/vnd.stepmania.stepchart"},
"smf": {"type":"application/vnd.stardivision.math","icon":"math"},
"smi": {"type":"application/smil","icon":"text"},
"smil": {"type":"application/smil","icon":"text"},
"smv": {"type":"video/x-smv"},
"smzip": {"type":"application/vnd.stepmania.package"},
"snd": {"type":"audio/basic"},
"snf": {"type":"application/x-font-snf"},
"so": {"type":"application/octet-stream"},
"sol": {"type":"application/solids"},
"spc": {"type":"application/x-pkcs7-certificates"},
"spf": {"type":"application/vnd.yamaha.smaf-phrase"},
"spl": {"type":"application/x-futuresplash"},
"spot": {"type":"text/vnd.in3d.spot"},
"spp": {"type":"application/scvp-vp-response"},
"spq": {"type":"application/scvp-vp-request"},
"spr": {"type":"application/x-sprite"},
"sprite": {"type":"application/x-sprite"},
"spx": {"type":"audio/ogg"},
"sql": {"type":"application/x-sql"},
"sqt": {"type":"text/xml","icon":"markup"},
"src": {"type":"application/x-wais-source"},
"srt": {"type":"application/x-subrip"},
"sru": {"type":"application/sru+xml"},
"srx": {"type":"application/sparql-results+xml"},
"ssdl": {"type":"application/ssdl+xml"},
"sse": {"type":"application/vnd.kodak-descriptor"},
"ssf": {"type":"application/vnd.epson.ssf"},
"ssi": {"type":"text/x-server-parsed-html"},
"ssm": {"type":"application/streamingmedia"},
"ssml": {"type":"application/ssml+xml"},
"sst": {"type":"application/vnd.ms-pki.certstore"},
"st": {"type":"application/vnd.sailingtracker.track"},
"stc": {"type":"application/vnd.sun.xml.calc.template","icon":"calc"},
"std": {"type":"application/vnd.sun.xml.draw.template","icon":"draw"},
"step": {"type":"application/step"},
"stf": {"type":"application/vnd.wt.stf"},
"sti": {"type":"application/vnd.sun.xml.impress.template","icon":"impress","groups":["presentation"]},
"stk": {"type":"application/hyperstudio"},
"stl": {"type":"application/vnd.ms-pki.stl"},
"stp": {"type":"application/step"},
"str": {"type":"application/vnd.pg.format"},
"stw": {"type":"application/vnd.sun.xml.writer.template","icon":"writer"},
"styl": {"type":"text/x-styl"},
"sub": {"type":"image/vnd.dvb.subtitle"},
"sus": {"type":"application/vnd.sus-calendar"},
"susp": {"type":"application/vnd.sus-calendar"},
"sv4cpio": {"type":"application/x-sv4cpio"},
"sv4crc": {"type":"application/x-sv4crc"},
"svc": {"type":"application/vnd.dvb.service"},
"svd": {"type":"application/vnd.svd"},
"svf": {"type":"image/vnd.dwg"},
"svg": {"type":"image/svg+xml","icon":"image","string":"image","groups":["image","web_image"]},
"svgz": {"type":"image/svg+xml","icon":"image","string":"image","groups":["image","web_image"]},
"svr": {"type":"application/x-world"},
"swa": {"type":"application/x-director","icon":"flash"},
"swf": {"type":"application/x-shockwave-flash","icon":"flash","groups":["video"]},
"swfl": {"type":"application/x-shockwave-flash","icon":"flash","groups":["video"]},
"swi": {"type":"application/vnd.aristanetworks.swi"},
"sxc": {"type":"application/vnd.sun.xml.calc","icon":"calc"},
"sxd": {"type":"application/vnd.sun.xml.draw","icon":"draw"},
"sxg": {"type":"application/vnd.sun.xml.writer.global","icon":"writer"},
"sxi": {"type":"application/vnd.sun.xml.impress","icon":"impress","groups":["presentation"]},
"sxm": {"type":"application/vnd.sun.xml.math","icon":"math"},
"sxw": {"type":"application/vnd.sun.xml.writer","icon":"writer"},
"t": {"type":"text/troff"},
"t3": {"type":"application/x-t3vm-image"},
"taglet": {"type":"application/vnd.mynfc"},
"talk": {"type":"text/x-speech"},
"tao": {"type":"application/vnd.tao.intent-module-archive"},
"tar": {"type":"application/x-tar","icon":"archive","string":"archive","groups":["archive"]},
"tbk": {"type":"application/toolbook"},
"tcap": {"type":"application/vnd.3gpp2.tcap"},
"tcl": {"type":"application/x-tcl"},
"tcsh": {"type":"text/x-script.tcsh"},
"teacher": {"type":"application/vnd.smart.teacher"},
"tei": {"type":"application/tei+xml"},
"teicorpus": {"type":"application/tei+xml"},
"tex": {"type":"application/x-tex","icon":"text"},
"texi": {"type":"application/x-texinfo","icon":"text"},
"texinfo": {"type":"application/x-texinfo","icon":"text"},
"text": {"type":"text/plain"},
"tfi": {"type":"application/thraud+xml"},
"tfm": {"type":"application/x-tex-tfm"},
"tga": {"type":"image/x-tga"},
"tgz": {"type":"application/g-zip","icon":"archive","string":"archive","groups":["archive"]},
"thmx": {"type":"application/vnd.ms-officetheme"},
"tif": {"type":"image/tiff","icon":"tiff","string":"image","groups":["image"]},
"tiff": {"type":"image/tiff","icon":"tiff","string":"image","groups":["image"]},
"tmo": {"type":"application/vnd.tmobile-livetv"},
"torrent": {"type":"application/x-bittorrent"},
"tpl": {"type":"application/vnd.groove-tool-template"},
"tpt": {"type":"application/vnd.trid.tpt"},
"tr": {"type":"text/troff"},
"tra": {"type":"application/vnd.trueapp"},
"trm": {"type":"application/x-msterminal"},
"ts": {"type":"video/MP2T","icon":"mpeg","string":"video","groups":["video","web_video"]},
"tsd": {"type":"application/timestamped-data"},
"tsi": {"type":"audio/tsp-audio"},
"tsp": {"type":"application/dsptype"},
"tsv": {"type":"text/tab-separated-values","icon":"text"},
"ttc": {"type":"application/x-font-ttf"},
"ttf": {"type":"application/x-font-ttf"},
"ttl": {"type":"text/turtle"},
"turbot": {"type":"image/florian"},
"twd": {"type":"application/vnd.simtech-mindmapper"},
"twds": {"type":"application/vnd.simtech-mindmapper"},
"txd": {"type":"application/vnd.genomatix.tuxedo"},
"txf": {"type":"application/vnd.mobius.txf"},
"txt": {"type":"text/plain","icon":"text","defaulticon":true},
"udeb": {"type":"application/x-debian-package"},
"ufd": {"type":"application/vnd.ufdl"},
"ufdl": {"type":"application/vnd.ufdl"},
"uil": {"type":"text/x-uil"},
"ulx": {"type":"application/x-glulx"},
"umj": {"type":"application/vnd.umajin"},
"uni": {"type":"text/uri-list"},
"unis": {"type":"text/uri-list"},
"unityweb": {"type":"application/vnd.unity"},
"unv": {"type":"application/i-deas"},
"uoml": {"type":"application/vnd.uoml+xml"},
"uri": {"type":"text/uri-list"},
"uris": {"type":"text/uri-list"},
"urls": {"type":"text/uri-list"},
"ustar": {"type":"application/x-ustar"},
"utz": {"type":"application/vnd.uiq.theme"},
"uu": {"type":"text/x-uuencode"},
"uue": {"type":"text/x-uuencode"},
"uva": {"type":"audio/vnd.dece.audio"},
"uvd": {"type":"application/vnd.dece.data"},
"uvf": {"type":"application/vnd.dece.data"},
"uvg": {"type":"image/vnd.dece.graphic"},
"uvh": {"type":"video/vnd.dece.hd"},
"uvi": {"type":"image/vnd.dece.graphic"},
"uvm": {"type":"video/vnd.dece.mobile"},
"uvp": {"type":"video/vnd.dece.pd"},
"uvs": {"type":"video/vnd.dece.sd"},
"uvt": {"type":"application/vnd.dece.ttml+xml"},
"uvu": {"type":"video/vnd.uvvu.mp4"},
"uvv": {"type":"video/vnd.dece.video"},
"uvva": {"type":"audio/vnd.dece.audio"},
"uvvd": {"type":"application/vnd.dece.data"},
"uvvf": {"type":"application/vnd.dece.data"},
"uvvg": {"type":"image/vnd.dece.graphic"},
"uvvh": {"type":"video/vnd.dece.hd"},
"uvvi": {"type":"image/vnd.dece.graphic"},
"uvvm": {"type":"video/vnd.dece.mobile"},
"uvvp": {"type":"video/vnd.dece.pd"},
"uvvs": {"type":"video/vnd.dece.sd"},
"uvvt": {"type":"application/vnd.dece.ttml+xml"},
"uvvu": {"type":"video/vnd.uvvu.mp4"},
"uvvv": {"type":"video/vnd.dece.video"},
"uvvx": {"type":"application/vnd.dece.unspecified"},
"uvvz": {"type":"application/vnd.dece.zip"},
"uvx": {"type":"application/vnd.dece.unspecified"},
"uvz": {"type":"application/vnd.dece.zip"},
"vcard": {"type":"text/vcard"},
"vcd": {"type":"application/x-cdlink"},
"vcf": {"type":"text/x-vcard"},
"vcg": {"type":"application/vnd.groove-vcard"},
"vcs": {"type":"text/x-vcalendar"},
"vcx": {"type":"application/vnd.vcx"},
"vda": {"type":"application/vda"},
"vdo": {"type":"video/vdo"},
"vew": {"type":"application/groupwise"},
"vis": {"type":"application/vnd.visionary"},
"viv": {"type":"video/vnd.vivo"},
"vivo": {"type":"video/vivo"},
"vmd": {"type":"application/vocaltec-media-desc"},
"vmf": {"type":"application/vocaltec-media-file"},
"vob": {"type":"video/x-ms-vob"},
"voc": {"type":"audio/voc"},
"vor": {"type":"application/vnd.stardivision.writer","icon":"writer"},
"vos": {"type":"video/vosaic"},
"vox": {"type":"audio/voxware"},
"vqe": {"type":"audio/x-twinvq-plugin"},
"vqf": {"type":"audio/x-twinvq"},
"vql": {"type":"audio/x-twinvq-plugin"},
"vrml": {"type":"model/vrml"},
"vrt": {"type":"x-world/x-vrt"},
"vsd": {"type":"application/vnd.visio"},
"vsf": {"type":"application/vnd.vsf"},
"vss": {"type":"application/vnd.visio"},
"vst": {"type":"application/vnd.visio"},
"vsw": {"type":"application/vnd.visio"},
"vtt": {"type":"text/vtt","icon":"text","groups":["html_track"]},
"vtu": {"type":"model/vnd.vtu"},
"vxml": {"type":"application/voicexml+xml"},
"w3d": {"type":"application/x-director"},
"w60": {"type":"application/wordperfect6.0"},
"w61": {"type":"application/wordperfect6.1"},
"w6w": {"type":"application/msword"},
"wad": {"type":"application/x-doom"},
"wav": {"type":"audio/wav","icon":"wav","string":"audio","groups":["audio","html_audio","web_audio"]},
"wax": {"type":"audio/x-ms-wax"},
"wb1": {"type":"application/x-qpro"},
"wbmp": {"type":"image/vnd.wap.wbmp"},
"wbs": {"type":"application/vnd.criticaltools.wbs+xml"},
"wbxml": {"type":"application/vnd.wap.wbxml"},
"wcm": {"type":"application/vnd.ms-works"},
"wdb": {"type":"application/vnd.ms-works"},
"wdp": {"type":"image/vnd.ms-photo"},
"web": {"type":"application/vnd.xara"},
"weba": {"type":"audio/webm","icon":"audio","string":"audio","groups":["audio","html_audio","web_audio"]},
"webm": {"type":"video/webm","icon":"video","string":"video","groups":["html_video","video","web_video"]},
"webp": {"type":"image/webp"},
"wg": {"type":"application/vnd.pmi.widget"},
"wgt": {"type":"application/widget"},
"wiz": {"type":"application/msword"},
"wk1": {"type":"application/x-123"},
"wks": {"type":"application/vnd.ms-works"},
"wm": {"type":"video/x-ms-wm"},
"wma": {"type":"audio/x-ms-wma","icon":"audio","string":"audio","groups":["audio"]},
"wmd": {"type":"application/x-ms-wmd"},
"wmf": {"type":"application/x-msmetafile"},
"wml": {"type":"text/vnd.wap.wml"},
"wmlc": {"type":"application/vnd.wap.wmlc"},
"wmls": {"type":"text/vnd.wap.wmlscript"},
"wmlsc": {"type":"application/vnd.wap.wmlscriptc"},
"wmv": {"type":"video/x-ms-wmv","icon":"wmv","string":"video","groups":["video"]},
"wmx": {"type":"video/x-ms-wmx"},
"wmz": {"type":"application/x-ms-wmz"},
"woff": {"type":"application/x-font-woff"},
"word": {"type":"application/msword"},
"wp": {"type":"application/wordperfect"},
"wp5": {"type":"application/wordperfect"},
"wp6": {"type":"application/wordperfect"},
"wpd": {"type":"application/vnd.wordperfect"},
"wpl": {"type":"application/vnd.ms-wpl"},
"wps": {"type":"application/vnd.ms-works"},
"wq1": {"type":"application/x-lotus"},
"wqd": {"type":"application/vnd.wqd"},
"wri": {"type":"application/x-mswrite"},
"wrl": {"type":"model/vrml"},
"wrz": {"type":"model/vrml"},
"wsc": {"type":"text/scriplet"},
"wsdl": {"type":"application/wsdl+xml"},
"wspolicy": {"type":"application/wspolicy+xml"},
"wsrc": {"type":"application/x-wais-source"},
"wtb": {"type":"application/vnd.webturbo"},
"wtk": {"type":"application/x-wintalk"},
"wvx": {"type":"video/x-ms-wvx"},
"x-png": {"type":"image/png","icon":"png","string":"image","groups":["image","web_image"]},
"x3d": {"type":"model/x3d+xml"},
"x3db": {"type":"model/x3d+binary"},
"x3dbz": {"type":"model/x3d+binary"},
"x3dv": {"type":"model/x3d+vrml"},
"x3dvz": {"type":"model/x3d+vrml"},
"x3dz": {"type":"model/x3d+xml"},
"xaml": {"type":"application/xaml+xml"},
"xap": {"type":"application/x-silverlight-app"},
"xar": {"type":"application/vnd.xara"},
"xbap": {"type":"application/x-ms-xbap"},
"xbd": {"type":"application/vnd.fujixerox.docuworks.binder"},
"xbk": {"type":"application/x-smarttech-notebook","icon":"archive"},
"xbm": {"type":"image/x-xbitmap"},
"xdf": {"type":"application/xcap-diff+xml"},
"xdm": {"type":"application/vnd.syncml.dm+xml"},
"xdp": {"type":"application/vnd.adobe.xdp+xml","icon":"pdf"},
"xdr": {"type":"video/x-amt-demorun"},
"xdssc": {"type":"application/dssc+xml"},
"xdw": {"type":"application/vnd.fujixerox.docuworks"},
"xenc": {"type":"application/xenc+xml"},
"xer": {"type":"application/patch-ops-error+xml"},
"xfd": {"type":"application/vnd.xfdl","icon":"pdf"},
"xfdf": {"type":"application/vnd.adobe.xfdf","icon":"pdf"},
"xfdl": {"type":"application/vnd.xfdl"},
"xgz": {"type":"xgl/drawing"},
"xht": {"type":"application/xhtml+xml"},
"xhtml": {"type":"application/xhtml+xml","icon":"html","groups":["web_file"]},
"xhvml": {"type":"application/xv+xml"},
"xif": {"type":"image/vnd.xiff"},
"xl": {"type":"application/excel"},
"xla": {"type":"application/vnd.ms-excel","icon":"spreadsheet"},
"xlam": {"type":"application/vnd.ms-excel.addin.macroenabled.12","icon":"spreadsheet"},
"xlb": {"type":"application/excel"},
"xlc": {"type":"application/vnd.ms-excel","icon":"spreadsheet"},
"xld": {"type":"application/excel"},
"xlf": {"type":"application/x-xliff+xml"},
"xlk": {"type":"application/excel"},
"xll": {"type":"application/excel"},
"xlm": {"type":"application/vnd.ms-excel","icon":"spreadsheet"},
"xls": {"type":"application/vnd.ms-excel","icon":"spreadsheet","groups":["spreadsheet"]},
"xlsb": {"type":"application/vnd.ms-excel.sheet.binary.macroenabled.12","icon":"spreadsheet"},
"xlsm": {"type":"application/vnd.ms-excel.sheet.macroenabled.12","icon":"spreadsheet","groups":["spreadsheet"]},
"xlsx": {"type":"application/vnd.openxmlformats-officedocument.spreadsheetml.sheet","icon":"spreadsheet","groups":["spreadsheet"]},
"xlt": {"type":"application/vnd.ms-excel","icon":"spreadsheet"},
"xltm": {"type":"application/vnd.ms-excel.template.macroenabled.12","icon":"spreadsheet"},
"xltx": {"type":"application/vnd.openxmlformats-officedocument.spreadsheetml.template","icon":"spreadsheet"},
"xlv": {"type":"application/excel"},
"xlw": {"type":"application/vnd.ms-excel","icon":"spreadsheet"},
"xm": {"type":"audio/xm"},
"xml": {"type":"application/xml","icon":"markup"},
"xmz": {"type":"xgl/movie"},
"xo": {"type":"application/vnd.olpc-sugar"},
"xop": {"type":"application/xop+xml"},
"xpi": {"type":"application/x-xpinstall"},
"xpix": {"type":"application/x-vnd.ls-xpix"},
"xpl": {"type":"application/xproc+xml"},
"xpm": {"type":"image/x-xpixmap"},
"xpr": {"type":"application/vnd.is-xpr"},
"xps": {"type":"application/vnd.ms-xpsdocument"},
"xpw": {"type":"application/vnd.intercon.formnet"},
"xpx": {"type":"application/vnd.intercon.formnet"},
"xsl": {"type":"text/xml","icon":"markup"},
"xslt": {"type":"application/xslt+xml"},
"xsm": {"type":"application/vnd.syncml+xml"},
"xspf": {"type":"application/xspf+xml"},
"xsr": {"type":"video/x-amt-showrun"},
"xul": {"type":"application/vnd.mozilla.xul+xml"},
"xvm": {"type":"application/xv+xml"},
"xvml": {"type":"application/xv+xml"},
"xwd": {"type":"image/x-xwindowdump"},
"xxx": {"type":"document/unknown","icon":"unknown"},
"xyz": {"type":"chemical/x-xyz"},
"xz": {"type":"application/x-xz"},
"yaml": {"type":"text/yaml"},
"yang": {"type":"application/yang"},
"yin": {"type":"application/yin+xml"},
"yml": {"type":"text/yaml"},
"z": {"type":"application/x-compress"},
"z1": {"type":"application/x-zmachine"},
"z2": {"type":"application/x-zmachine"},
"z3": {"type":"application/x-zmachine"},
"z4": {"type":"application/x-zmachine"},
"z5": {"type":"application/x-zmachine"},
"z6": {"type":"application/x-zmachine"},
"z7": {"type":"application/x-zmachine"},
"z8": {"type":"application/x-zmachine"},
"zaz": {"type":"application/vnd.zzazz.deck+xml"},
"zip": {"type":"application/zip","icon":"archive","string":"archive","groups":["archive"]},
"zir": {"type":"application/vnd.zul"},
"zirz": {"type":"application/vnd.zul"},
"zmm": {"type":"application/vnd.handheld-entertainment+xml"},
"zoo": {"type":"application/octet-stream"},
"zsh": {"type":"text/x-script.zsh"}
}
